date,resident_foreign_equity_net_100m_yen,resident_foreign_long_debt_net_100m_yen,resident_foreign_short_debt_net_100m_yen,resident_foreign_total_net_100m_yen,nonresident_japan_equity_net_100m_yen,nonresident_japan_long_debt_net_100m_yen,nonresident_japan_short_debt_net_100m_yen,nonresident_japan_total_net_100m_yen
2005-01-08,270,8878,662,9811,2278,4192,3894,10363
2005-01-15,8,3708,-671,3045,2180,5986,1461,9627
2005-01-22,730,-2729,540,-1458,1558,1036,3718,6312
2005-01-29,394,-3495,-1142,-4243,2710,6387,2658,11755
2005-02-05,623,2226,-390,2459,3571,3963,1018,8551
2005-02-12,-126,-7663,281,-7507,678,2290,-2181,787
2005-02-19,-1034,-3001,76,-3960,3429,2855,-5608,676
2005-02-26,348,3124,-732,2740,1811,-5294,-33,-3516
2005-03-05,191,-5787,-735,-6331,3456,-2722,-4632,-3898
2005-03-12,-314,-1856,-293,-2463,5211,3237,1292,9740
2005-03-19,-388,2012,321,1945,554,2340,-1053,1842
2005-03-26,287,-2306,-641,-2659,1264,-2362,-5645,-6742
2005-04-02,1059,2981,-55,3985,-584,-268,-2043,-2896
2005-04-09,987,9276,-139,10124,3031,6810,600,10441
2005-04-16,-437,7308,959,7830,-1261,3361,-1195,905
2005-04-23,419,14820,-492,14747,-420,2874,6487,8942
2005-04-30,754,4264,-128,4890,-111,5101,-1545,3445
2005-05-07,255,9483,16,9754,670,1448,-3340,-1222
2005-05-14,1564,12953,1792,16308,-365,5652,3311,8598
2005-05-21,183,-7356,-92,-7266,1979,10039,1014,13033
2005-05-28,542,3003,-464,3081,-497,4537,1330,5369
2005-06-04,165,2288,-127,2326,990,-32,-3219,-2261
2005-06-11,-751,5436,213,4898,-2810,9541,1247,7978
2005-06-18,25,-6514,-794,-7283,2785,-4131,-847,-2192
2005-06-25,450,17716,-56,18109,1712,-4111,-3760,-6159
2005-07-02,76,-2497,-176,-2597,742,3123,1214,5079
2005-07-09,51,2558,104,2713,4255,-1227,-840,2187
2005-07-16,-1422,6609,-114,5073,4370,-2171,3888,6087
2005-07-23,269,11872,358,12499,1267,-2943,-78,-1754
2005-07-30,-49,208,-170,-11,3339,13,1151,4502
2005-08-06,447,740,-572,615,4949,-1003,2123,6070
2005-08-13,-243,1554,-238,1072,7223,-1285,-1888,4050
2005-08-20,312,1206,65,1583,4477,-2696,4733,6515
2005-08-27,283,1918,-20,2181,3847,1125,-4120,852
2005-09-03,230,8276,-71,8434,2498,2899,-1054,4343
2005-09-10,1045,6975,-139,7882,6865,699,-2409,5155
2005-09-17,-132,-6938,-1270,-8340,3909,3418,-3276,4051
2005-09-24,511,966,-275,1203,-890,-5454,-4424,-10769
2005-10-01,511,2910,-645,2775,4839,-1869,1113,4083
2005-10-08,927,14795,668,16390,1268,-3218,-2540,-4490
2005-10-15,417,1910,12,2340,4069,-909,-2196,964
2005-10-22,664,6502,-426,6740,460,48,1127,1634
2005-10-29,1061,6999,-271,7789,3472,3312,3168,9952
2005-11-05,691,7161,158,8011,6559,899,681,8139
2005-11-12,400,571,-255,716,2617,1375,6590,10582
2005-11-19,907,1701,-128,2481,5595,3378,3338,12311
2005-11-26,174,-152,281,304,1343,-1022,1178,1498
2005-12-03,388,-906,-29,-547,6202,5723,4553,16478
2005-12-10,-239,7048,-88,6721,1659,5962,-326,7295
2005-12-17,271,5752,-179,5844,2229,2079,-1488,2820
2005-12-24,766,1806,-504,2068,3624,-6978,-688,-4042
2005-12-31,418,205,-725,-102,1632,-3680,-1615,-3663
2006-01-07,220,267,-204,283,2326,940,2238,5504
2006-01-14,768,63,181,1012,1157,4995,-118,6034
2006-01-21,-749,-2384,834,-2299,2464,8319,893,11676
2006-01-28,230,-2703,-496,-2969,3519,1539,3381,8438
2006-02-04,909,-2415,329,-1177,2982,-1541,-201,1239
2006-02-11,-595,1693,381,1479,-2290,-5868,-1013,-9172
2006-02-18,-67,-1532,-820,-2419,3310,-3201,-1582,-1473
2006-02-25,124,-1779,297,-1358,3664,2780,-2135,4309
2006-03-04,476,1871,426,2773,2546,426,3294,6266
2006-03-11,80,-3231,642,-2509,621,3077,929,4627
2006-03-18,-744,-13861,-195,-14800,4851,5178,92,10121
2006-03-25,29,-6646,-620,-7236,2983,-4788,-1477,-3282
2006-04-01,350,-2278,-587,-2515,6710,-3487,-3414,-191
2006-04-08,778,1554,863,3195,6123,675,-1310,5488
2006-04-15,349,-691,-877,-1219,-1945,4698,2794,5547
2006-04-22,1607,4924,-1995,4536,2524,-2019,3109,3614
2006-04-29,1399,5720,-94,7025,-3281,-2029,610,-4700
2006-05-06,224,2127,-19,2332,712,966,-3104,-1426
2006-05-13,687,4032,-501,4218,1231,-120,14896,16007
2006-05-20,495,1213,-446,1262,-4835,8374,2829,6368
2006-05-27,466,4344,294,5104,-2229,10702,10704,19177
2006-06-03,2271,400,-868,1803,3295,11975,-1273,13997
2006-06-10,-45,-1573,407,-1211,-4308,5889,4953,6533
2006-06-17,-535,-246,-592,-1374,-146,4652,6887,11394
2006-06-24,264,2886,-843,2308,-3341,-4543,2724,-5161
2006-07-01,-95,5915,-58,5762,2805,-8899,-4676,-10771
2006-07-08,415,6971,354,7740,2085,-1919,4277,4443
2006-07-15,48,-189,1418,1277,-3167,1865,1348,45
2006-07-22,-374,1386,139,1151,203,-6597,6008,-386
2006-07-29,14,-1737,-146,-1868,2280,-3549,-1167,-2436
2006-08-05,374,8599,382,9355,1879,-361,-4760,-3242
2006-08-12,225,-14,-404,-193,1332,2394,357,4084
2006-08-19,330,5461,218,6009,6747,-3987,4726,7487
2006-08-26,502,7756,-1,8257,-2983,966,783,-1234
2006-09-02,1131,-1048,-776,-692,1514,5634,-5747,1401
2006-09-09,41,1723,-55,1709,2284,-2374,-3480,-3570
2006-09-16,75,-168,53,-40,35,2553,-3154,-566
2006-09-23,-130,3294,-516,2648,-703,20,-5513,-6196
2006-09-30,-9,-8784,537,-8256,4484,2892,-642,6735
2006-10-07,264,7542,444,8250,3397,1000,-4594,-197
2006-10-14,22,-3094,-499,-3572,1956,-719,913,2150
2006-10-21,-499,5623,-412,4712,3401,934,-1549,2786
2006-10-28,-68,7448,-642,6738,3913,-259,-2210,1444
2006-11-04,998,188,-3,1183,-2425,5366,943,3884
2006-11-11,-377,9597,26,9247,-504,8010,-692,6814
2006-11-18,140,-3125,-644,-3629,1037,7216,12355,20607
2006-11-25,282,3260,-593,2949,2955,-726,5642,7871
2006-12-02,1688,1369,120,3177,3889,1552,-4146,1294
2006-12-09,69,1498,-401,1166,4623,6777,-749,10651
2006-12-16,-312,-2113,-633,-3057,6170,11529,-2006,15693
2006-12-23,539,959,-882,617,3805,-6476,962,-1709
2006-12-30,749,1709,-141,2317,1327,-5461,-2299,-6433
2007-01-13,-1321,2810,1106,2594,2763,-285,-3317,-839
2007-01-20,-355,-41,-893,-1289,6483,10409,990,17882
2007-01-27,-1016,55,343,-617,4831,9783,2793,17406
2007-02-03,-408,-3743,-801,-4952,5046,4215,-762,8499
2007-02-10,858,-3594,-362,-3098,4878,6655,-4310,7223
2007-02-17,257,-4384,-6,-4133,5557,1708,1855,9121
2007-02-24,1007,-3381,-88,-2462,6182,6863,543,13589
2007-03-03,493,-6667,-1083,-7257,-200,2139,-5966,-4027
2007-03-10,1027,-891,2017,2154,-4298,4346,-2681,-2633
2007-03-17,-133,-74,152,-55,-998,8586,-1402,6186
2007-03-24,-97,181,694,778,4453,-4857,2247,1844
2007-03-31,2114,-2779,-80,-744,312,-4602,-1840,-6130
2007-04-07,801,6151,510,7463,4801,-1391,-3998,-589
2007-04-14,130,4340,-240,4230,3185,-866,-3928,-1610
2007-04-21,-1026,6535,-1936,3574,4618,977,-2376,3219
2007-04-28,251,-4282,-186,-4216,-3797,7564,-4342,-575
2007-05-05,647,-289,377,735,365,3902,1050,5317
2007-05-12,1536,5329,-804,6061,1382,553,3418,5353
2007-05-19,-184,1952,-777,991,2173,3141,-1116,4198
2007-05-26,432,-4424,285,-3707,2613,642,4891,8147
2007-06-02,-201,4168,-201,3766,6202,1667,-21,7849
2007-06-09,-1811,-3210,110,-4911,4036,-5828,-2704,-4496
2007-06-16,223,-1215,-482,-1474,5524,-3532,-7260,-5268
2007-06-23,-240,-2088,34,-2293,-4405,3299,3710,2603
2007-06-30,1033,-1401,-753,-1121,4149,-3966,3675,3857
2007-07-07,1049,3714,610,5373,7618,-3238,1733,6113
2007-07-14,-2709,653,-732,-2788,1399,386,-5172,-3386
2007-07-21,-1081,-4415,102,-5394,2393,4948,3022,10363
2007-07-28,-487,26,474,13,-2952,-6173,-1998,-11123
2007-08-04,796,-5499,1053,-3650,-2643,13764,-2261,8861
2007-08-11,285,-44,-81,160,-3235,12689,2520,11975
2007-08-18,459,-4590,-2190,-6322,-8180,7519,17707,17046
2007-08-25,-1170,-4748,495,-5422,52,10400,-7148,3304
2007-09-01,660,1401,1423,3484,89,-525,6742,6307
2007-09-08,983,13873,1161,16017,-442,-956,7995,6598
2007-09-15,478,-4486,-1662,-5670,-6030,6860,5876,6706
2007-09-22,-633,10842,-102,10107,-1567,-11600,-2863,-16030
2007-09-29,-87,12809,-362,12360,2235,-782,11008,12461
2007-10-06,-106,5969,-1061,4801,2749,516,-7754,-4489
2007-10-13,-721,6228,-141,5366,1747,3509,-3068,2187
2007-10-20,-865,2722,166,2023,-3212,1819,903,-490
2007-10-27,247,4464,2768,7479,434,7393,-593,7233
2007-11-03,1170,9218,-829,9559,2022,2856,537,5415
2007-11-10,61,6203,3562,9826,-3917,9070,11469,16622
2007-11-17,-512,-1894,-618,-3024,-3056,649,12087,9679
2007-11-24,-849,9496,1152,9800,-3728,887,7073,4231
2007-12-01,508,-8740,-2103,-10335,1345,-1057,13079,13366
2007-12-08,1764,-1871,-880,-986,-537,-6617,11134,3980
2007-12-15,-857,10632,-1691,8084,-5533,5599,24977,25044
2007-12-22,-783,4265,-669,2813,-3282,-8340,5580,-6042
2007-12-29,-288,-1490,394,-1384,2093,669,-585,2177
2008-01-12,383,8229,1322,9934,-646,4701,-3097,959
2008-01-19,1848,10024,273,12145,-3676,2974,-9178,-9880
2008-01-26,3092,1281,113,4486,-5590,-1258,-5797,-12645
2008-02-02,1132,4873,-491,5515,-4488,-145,2730,-1903
2008-02-09,1246,4658,-1358,4547,-386,5248,1634,6496
2008-02-16,1791,-3466,3141,1465,1711,-1630,2948,3030
2008-02-23,212,-904,-646,-1339,-1591,-5722,-3637,-10950
2008-03-01,2129,5677,458,8263,-774,-3874,7398,2750
2008-03-08,618,7476,-122,7972,-4177,4248,4479,4549
2008-03-15,-316,9313,615,9612,-9928,8677,-7450,-8701
2008-03-22,308,2902,-1381,1829,-1611,-23718,13884,-11446
2008-03-29,1682,-8338,-821,-7477,-1033,-2862,-8447,-12342
2008-04-05,1340,-3298,-876,-2833,4872,7325,16901,29098
2008-04-12,826,5297,180,6302,-6,5610,1291,6896
2008-04-19,49,-8335,7,-8280,1360,845,4350,6554
2008-04-26,113,-360,-1041,-1287,3008,-5880,4036,1164
2008-05-03,97,-140,20,-23,4166,-8591,-5835,-10260
2008-05-10,525,9234,771,10530,-123,313,11669,11859
2008-05-17,-493,3176,122,2805,3749,-1147,7042,9644
2008-05-24,301,4827,466,5595,661,-4929,2197,-2071
2008-05-31,551,859,105,1516,2743,2671,9953,15367
2008-06-07,169,4050,-31,4187,3419,2709,9989,16118
2008-06-14,-73,-1643,462,-1255,1535,7262,-2077,6720
2008-06-21,177,-2249,253,-1818,342,-13332,-3824,-16814
2008-06-28,650,4976,-58,5567,-5147,-4221,12823,3455
2008-07-05,1148,1229,204,2581,-1939,5147,18554,21762
2008-07-12,131,-595,1049,586,-2423,5276,-14326,-11473
2008-07-19,711,1677,32,2420,-2976,3335,10733,11092
2008-07-26,-35,3432,-981,2416,-728,-320,-4599,-5648
2008-08-02,1352,-1675,219,-104,-3830,2075,3019,1263
2008-08-09,-641,-4697,-1397,-6735,-2375,12259,3387,13271
2008-08-16,-534,6218,2031,7715,439,5044,-9969,-4486
2008-08-23,-828,-14193,1541,-13480,-2151,5579,-1504,1925
2008-08-30,5,-7466,86,-7376,1311,4394,2132,7837
2008-09-06,-121,9066,1631,10576,-3088,1052,-5072,-7107
2008-09-13,-380,-7284,1119,-6544,-3954,8032,-7322,-3244
2008-09-20,-165,-548,-5327,-6041,139,-508,-1205,-1574
2008-09-27,1148,3618,63,4828,-2368,-11938,-4915,-19221
2008-10-04,1660,2704,-89,4275,-4915,-8902,6236,-7581
2008-10-11,1728,-7945,-341,-6558,347,-8610,-7897,-16160
2008-10-18,3483,1151,-80,4554,-3008,-7923,9794,-1137
2008-10-25,2017,-9122,-43,-7148,-2770,-957,1920,-1808
2008-11-01,4203,10586,10,14799,-4973,-3062,-2437,-10471
2008-11-08,4304,6358,577,11238,-1986,-5737,1832,-5892
2008-11-15,1612,2137,441,4190,-5137,-901,170,-5868
2008-11-22,5129,-1775,-147,3208,-6278,-8390,-325,-14993
2008-11-29,3376,-652,-358,2367,11,-1768,-6569,-8326
2008-12-06,4952,-4771,284,466,-4002,-794,151,-4646
2008-12-13,2742,-8849,224,-5883,-2218,2364,-6973,-6827
2008-12-20,2411,6028,211,8650,-1627,-1683,-8493,-11804
2008-12-27,2708,1110,24,3842,-1289,-5761,-29244,-36295
2009-01-10,732,8218,542,9491,-115,-2523,16895,14257
2009-01-17,4025,-893,-644,2488,-3862,2545,-23670,-24987
2009-01-24,906,522,1676,3105,-3764,-924,533,-4155
2009-01-31,4822,4574,793,10189,-3289,-3417,2249,-4457
2009-02-07,3360,6303,3303,12966,-2773,-2705,5817,339
2009-02-14,1240,13759,-139,14860,-2098,-455,1412,-1141
2009-02-21,2151,12409,549,15109,-4508,-765,3064,-2210
2009-02-28,767,3120,233,4120,-1569,2433,10784,11648
2009-03-07,3347,-9027,-311,-5992,-6582,-2215,3692,-5105
2009-03-14,1043,9490,-101,10433,-2124,582,-1738,-3280
2009-03-21,62,2616,90,2768,-6242,5119,-7140,-8264
2009-03-28,2464,6653,214,9331,-1878,-7198,-13753,-22828
2009-04-04,746,-21078,-259,-20591,447,885,8647,9979
2009-04-11,79,8169,-14,8234,1145,-1635,-10587,-11078
2009-04-18,984,10284,-32,11236,-538,-3853,5123,732
2009-04-25,-60,8374,-372,7941,-86,-1139,3324,2099
2009-05-02,-196,-568,-784,-1549,2090,-113,2184,4161
2009-05-09,-10,2190,288,2468,4463,-723,-8043,-4303
2009-05-16,-5,120,440,555,-1398,-4232,11370,5740
2009-05-23,768,6411,794,7972,48,-2715,-5369,-8037
2009-05-30,1386,9810,-663,10533,1802,-2199,3584,3187
2009-06-06,1422,4749,-221,5950,919,-1216,5220,4923
2009-06-13,-368,5777,-588,4821,2461,-1562,-1276,-377
2009-06-20,188,2797,393,3377,809,-1255,-9310,-9755
2009-06-27,1505,15316,-428,16393,-1951,-6667,-591,-9209
2009-07-04,1345,-4708,107,-3257,836,3987,4878,9700
2009-07-11,524,6751,-222,7053,-515,1260,-5684,-4938
2009-07-18,1011,38,277,1326,812,-489,8069,8391
2009-07-25,154,912,-350,716,3732,-270,-4609,-1146
2009-08-01,102,-813,-574,-1285,4247,-6679,-2551,-4983
2009-08-08,-988,1282,-226,68,2931,-525,-1445,961
2009-08-15,-872,232,174,-466,2740,-347,-564,1829
2009-08-22,388,5444,545,6378,-1392,2404,-6391,-5378
2009-08-29,558,-750,-145,-337,867,76,11679,12621
2009-09-05,425,-2762,336,-2001,1327,1828,-263,2892
2009-09-12,471,16609,1861,18942,-1334,-8950,-4402,-14687
2009-09-19,957,-1166,428,219,245,-4071,-21903,-25729
2009-09-26,-202,-6808,-848,-7857,-1179,-6284,2930,-4533
2009-10-03,1042,-12788,309,-11437,-696,6633,-589,5348
2009-10-10,-254,2566,948,3261,3924,-3009,-1134,-218
2009-10-17,-545,-3782,-37,-4363,1094,-1975,5896,5014
2009-10-24,-511,3037,1060,3586,353,-1168,4907,4093
2009-10-31,-80,-1385,-111,-1576,465,-3468,555,-2448
2009-11-07,-469,3447,356,3333,-74,-2156,-2059,-4289
2009-11-14,-467,7579,1085,8197,212,318,-4516,-3986
2009-11-21,-234,-1913,725,-1421,-2393,-943,9342,6006
2009-11-28,25,4129,-343,3810,616,460,-4189,-3114
2009-12-05,897,8818,-162,9553,6362,-1661,12767,17468
2009-12-12,373,-3265,316,-2576,71,-1879,-12661,-14470
2009-12-19,-219,-4366,-180,-4766,770,1802,13879,16451
2009-12-26,-27,-4340,-489,-4856,3650,-8948,-11856,-17154
2010-01-09,-711,-7163,-507,-8381,7337,-5398,14597,16536
2010-01-16,-1223,-149,-103,-1475,6121,-1521,2959,7560
2010-01-23,-260,6623,-210,6153,2309,1094,157,3560
2010-01-30,1258,8957,-561,9654,-334,-2385,-2188,-4907
2010-02-06,2013,-184,100,1928,599,-833,-1673,-1907
2010-02-13,1155,4541,96,5792,1061,318,-2941,-1562
2010-02-20,-288,3740,652,4104,372,3105,5431,8908
2010-02-27,377,-35,-581,-240,577,3766,2508,6850
2010-03-06,1195,6781,-308,7669,2619,4624,-2104,5139
2010-03-13,-661,-19,1443,764,-2680,-1351,-5998,-10030
2010-03-20,-347,-769,480,-636,1267,-5274,9377,5370
2010-03-27,-111,-995,-947,-2053,-2750,-6102,-20498,-29350
2010-04-03,502,4025,-572,3954,5388,-3202,-9216,-7031
2010-04-10,-1439,5717,22,4299,4338,2542,5508,12387
2010-04-17,-820,4388,411,3979,1411,2012,-769,2654
2010-04-24,644,-1004,862,503,-343,2740,10645,13042
2010-05-01,47,-242,-590,-785,200,5559,-13783,-8023
2010-05-08,4,-15665,295,-15366,-2380,-2517,18992,14095
2010-05-15,1483,5957,165,7606,-1722,11,15573,13862
2010-05-22,2712,10454,927,14093,-4347,459,6215,2326
2010-05-29,2759,11749,-692,13817,-817,962,8262,8408
2010-06-05,2258,12939,-473,14724,-752,1596,-1649,-805
2010-06-12,1093,8119,-1069,8143,-9160,-122,-6486,-15768
2010-06-19,573,1496,453,2521,10,-1480,6729,5259
2010-06-26,-526,8620,299,8393,-1838,-3762,-7889,-13489
2010-07-03,1432,10672,-166,11939,-916,-106,3079,2057
2010-07-10,1395,7041,-29,8407,1635,2087,4920,8643
2010-07-17,492,12760,471,13724,-298,2313,9232,11247
2010-07-24,243,10438,197,10878,-284,1066,-2758,-1976
2010-07-31,-204,12735,516,13047,1441,2874,-2323,1991
2010-08-07,-329,10409,-1,10079,1501,1887,6330,9718
2010-08-14,80,21787,578,22445,-403,2183,-852,928
2010-08-21,320,10408,668,11396,-413,-1295,-3489,-5197
2010-08-28,1410,793,58,2261,-1500,774,4138,3412
2010-09-04,2152,7308,516,9977,396,1017,4935,6347
2010-09-11,89,2320,-516,1893,-2527,982,7491,5945
2010-09-18,-697,8038,-682,6659,405,-1514,7417,6309
2010-09-25,-732,11058,-473,9853,-764,-3637,3239,-1162
2010-10-02,-1190,6795,-31,5574,48,10988,-1160,9876
2010-10-09,-1057,757,-251,-551,370,-6187,450,-5367
2010-10-16,-39,9195,-132,9024,1335,-1881,577,30
2010-10-23,-554,6824,351,6621,1142,7197,2623,10963
2010-10-30,288,5663,169,6120,-510,3741,4964,8195
2010-11-06,211,4058,85,4355,1900,-3055,3694,2539
2010-11-13,25,7270,218,7513,1020,628,-1639,9
2010-11-20,-60,-12417,499,-11979,1721,-2177,1726,1270
2010-11-27,151,-6035,-126,-6010,558,52,-913,-303
2010-12-04,248,-7572,-49,-7373,2088,2216,6731,11036
2010-12-11,-16,-3042,57,-3001,964,-4173,178,-3031
2010-12-18,-333,-1884,721,-1497,2244,-285,4312,6271
2010-12-25,-156,301,-66,79,517,-2562,-8373,-10418
2011-01-08,-307,5575,240,5508,2661,-3299,21122,20484
2011-01-15,-247,7593,-645,6701,3252,190,8980,12422
2011-01-22,-266,1532,794,2060,170,264,23865,24299
2011-01-29,-513,-113,-892,-1519,558,6086,13959,20604
2011-02-05,-80,3879,-8,3790,1981,2117,-7070,-2972
2011-02-12,-87,-1135,203,-1019,1957,-2554,-2601,-3198
2011-02-19,-1511,284,511,-717,6239,-1953,14618,18904
2011-02-26,-336,3427,3,3093,-1185,8621,-300,7136
2011-03-05,64,-2360,-290,-2585,1634,4810,-5389,1054
2011-03-12,0,7693,29,7721,175,-234,-2966,-3025
2011-03-19,-1017,3726,41,2750,8932,1901,-8955,1878
2011-03-26,-338,9720,-171,9210,-132,-960,-11125,-12217
2011-04-02,-238,-11778,-339,-12355,1447,1094,4600,7141
2011-04-09,-1610,1765,14,169,3876,-4449,14767,14194
2011-04-16,-3774,2266,385,-1123,895,-1719,15449,14624
2011-04-23,-56,-1715,146,-1624,347,9645,-5656,4336
2011-04-30,641,5413,299,6352,1098,13817,-27849,-12935
2011-05-07,-215,-6998,270,-6943,466,1777,2422,4665
2011-05-14,805,-1675,-463,-1333,311,12656,9898,22865
2011-05-21,-32,5035,146,5150,91,9068,6900,16059
2011-05-28,263,1908,-545,1625,-832,2870,-407,1630
2011-06-04,987,-11867,178,-10702,86,-2608,-6858,-9380
2011-06-11,861,2437,-408,2891,-734,-3201,-2685,-6620
2011-06-18,1299,1062,351,2713,-1904,962,14378,13436
2011-06-25,493,3101,-138,3457,-318,-9787,-468,-10573
2011-07-02,1123,1186,221,2529,1884,4415,-3951,2348
2011-07-09,455,-2037,-36,-1619,2797,-1247,1621,3171
2011-07-16,1053,1176,93,2322,-720,-890,17687,16077
2011-07-23,970,-2237,376,-891,21,-1424,-6973,-8377
2011-07-30,-153,4406,-417,3835,-508,1436,-3548,-2619
2011-08-06,1453,-3237,-98,-1882,-3909,459,8847,5397
2011-08-13,1390,-3482,-339,-2430,-4011,2176,29752,27917
2011-08-20,773,204,-556,422,-3353,-751,23100,18996
2011-08-27,1463,417,-572,1309,-3380,-1386,-5045,-9811
2011-09-03,1761,11750,-190,13322,-877,3772,2015,4910
2011-09-10,648,-4691,-229,-4273,-5877,7625,5531,7279
2011-09-17,236,2562,128,2926,-1538,-4593,11782,5650
2011-09-24,327,14752,-107,14972,-179,-6254,-5787,-12221
2011-10-01,1329,9728,-401,10655,-1693,2588,4313,5208
2011-10-08,856,-22202,245,-21100,-587,2316,-56,1673
2011-10-15,209,4094,-121,4181,860,-948,-13406,-13494
2011-10-22,-210,10214,-236,9768,-398,-4884,-3044,-8326
2011-10-29,-933,10631,141,9839,1035,3061,2108,6204
2011-11-05,-1904,-16367,217,-18054,-1044,2297,8700,9952
2011-11-12,-770,-2335,55,-3050,-492,2971,4060,6539
2011-11-19,132,10015,-490,9656,-759,-6603,7324,-38
2011-11-26,137,-1060,-126,-1050,-1348,-2591,-11637,-15575
2011-12-03,899,2626,-1503,2021,585,-2221,3129,1493
2011-12-10,-329,4032,-651,3052,-3036,697,9324,6985
2011-12-17,-601,191,-298,-707,-2106,2777,26615,27286
2011-12-24,57,1460,-446,1071,-489,-5679,-696,-6864
2011-12-31,-379,-1550,-232,-2161,577,3150,-12998,-9271
2012-01-07,-564,3865,31,3332,426,-1461,14363,13327
2012-01-14,-336,9200,-80,8783,1398,1923,112,3433
2012-01-21,-761,2434,771,2443,1765,-3630,7118,5253
2012-01-28,-1026,11569,94,10637,387,-4858,-6698,-11169
2012-02-04,-1133,2832,-394,1305,644,10221,-8420,2445
2012-02-11,-638,10141,559,10062,1281,403,1900,3585
2012-02-18,-1057,-1009,647,-1419,2642,-6606,6194,2229
2012-02-25,-192,13551,-252,13106,548,217,-683,81
2012-03-03,-577,2764,-65,2122,1646,3591,-692,4546
2012-03-10,-494,3677,315,3498,874,2409,11,3294
2012-03-17,-592,-7226,-388,-8205,2873,-10358,10898,3413
2012-03-24,-1507,3484,-292,1685,-2437,-11347,9550,-4234
2012-03-31,-1583,7624,-1230,4810,1321,1441,-34771,-32009
2012-04-07,-951,-19037,-88,-20075,531,-1048,32200,31683
2012-04-14,-104,1165,90,1151,2037,7399,-22510,-13073
2012-04-21,423,-11703,-84,-11363,-623,-67,7468,6778
2012-04-28,281,3336,-538,3079,-1721,2773,-10423,-9371
2012-05-05,221,721,-242,700,-727,-1233,9215,7255
2012-05-12,-321,12585,-215,12048,-2592,-1287,11044,7165
2012-05-19,-361,2523,336,2498,-1302,-649,-8961,-10912
2012-05-26,484,-4081,188,-3409,-1133,328,-4065,-4871
2012-06-02,1966,5415,725,8106,-749,10230,4746,14227
2012-06-09,453,-1580,-319,-1445,-1872,4766,3408,6302
2012-06-16,413,730,194,1337,589,4768,-11492,-6135
2012-06-23,182,8694,-56,8820,500,-3129,4240,1610
2012-06-30,206,13407,-558,13055,-500,3776,7821,11097
2012-07-07,103,3505,312,3920,-32,-207,15365,15125
2012-07-14,-561,11648,216,11303,-1338,-73,-8611,-10022
2012-07-21,-224,1601,283,1660,-421,-188,3354,2745
2012-07-28,-126,-334,220,-240,-764,570,6360,6166
2012-08-04,-464,4501,194,4230,-826,7269,-3227,3217
2012-08-11,-232,1701,-202,1267,-681,-1410,6104,4013
2012-08-18,-438,-8369,-75,-8881,895,-1851,13072,12117
2012-08-25,-579,10474,217,10113,-1353,2154,-20227,-19426
2012-09-01,-346,8754,702,9110,-448,3954,7993,11499
2012-09-08,-769,7869,247,7347,659,2656,8487,11802
2012-09-15,-2894,643,104,-2147,598,5397,-6731,-736
2012-09-22,-668,-659,-341,-1668,-1017,-6511,4858,-2670
2012-09-29,-9,15424,310,15726,-2396,2979,342,926
2012-10-06,535,-2631,-72,-2168,1186,2944,3179,7309
2012-10-13,-63,7053,-23,6967,-267,1332,-22175,-21109
2012-10-20,-9,4750,816,5557,1952,2725,-1656,3022
2012-10-27,-365,2517,-375,1777,-121,-3630,-2305,-6056
2012-11-03,-237,653,-282,135,-277,938,-3,658
2012-11-10,-389,3675,-42,3244,-786,3092,6728,9034
2012-11-17,-418,4008,233,3824,1333,-604,10362,11092
2012-11-24,-198,1189,-801,190,2758,-512,-15786,-13539
2012-12-01,-157,4942,-64,4721,1843,3502,20595,25941
2012-12-08,-628,-6372,-738,-7738,1164,-311,12117,12970
2012-12-15,-1043,8985,255,8197,3896,1720,-8785,-3169
2012-12-22,-2317,4305,-1001,988,7649,-8475,-4024,-4850
2012-12-29,-447,-1485,-18,-1950,2260,-4359,-15543,-17642
2013-01-12,-1553,3926,-558,1814,2335,1390,28079,31804
2013-01-19,-2352,-350,372,-2330,1957,4810,-10911,-4144
2013-01-26,-2541,6628,-660,3427,2481,-2283,-5215,-5016
2013-02-02,-3529,-3709,84,-7154,4194,-2652,6898,8440
2013-02-09,-2286,-6455,-402,-9142,2133,-2617,2984,2500
2013-02-16,-4147,-6209,143,-10213,1959,-1801,-10176,-10018
2013-02-23,-1064,-6642,-108,-7814,1885,-822,5342,6405
2013-03-02,-4419,-8850,-211,-13480,2697,6579,-3507,5769
2013-03-09,-2695,7375,-483,4197,11219,-8391,18862,21689
2013-03-16,-5371,-4575,127,-9818,4716,-4951,-4420,-4656
2013-03-23,-6454,-4904,-626,-11985,-2676,-9752,-12149,-24577
2013-03-30,-718,-1424,-1293,-3435,2281,7320,-27978,-18377
2013-04-06,65,-11396,752,-10579,8686,4633,24298,37617
2013-04-13,-1577,-3328,-586,-5491,15688,-1761,-2653,11275
2013-04-20,-278,-8608,-452,-9338,-294,-2141,-1957,-4391
2013-04-27,-184,2044,-54,1805,6079,5877,8131,20087
2013-05-04,281,3020,-604,2696,-262,2672,-1238,1172
2013-05-11,191,1858,1,2050,8793,-4134,1151,5810
2013-05-18,-1369,-8055,-1023,-10446,7158,176,4538,11873
2013-05-25,-1050,-11196,-6,-12253,-685,-4584,-15330,-20598
2013-06-01,-1373,-11725,597,-12500,-1911,-1197,10989,7881
2013-06-08,-2218,-3942,539,-5621,1174,-2800,6293,4667
2013-06-15,-1300,-4051,276,-5076,-31,3133,-13185,-10083
2013-06-22,139,-11869,531,-11199,1711,-10514,6674,-2129
2013-06-29,-398,-9650,-101,-10149,4794,2618,-11003,-3591
2013-07-06,-141,9739,307,9904,4853,39,-1319,3572
2013-07-13,-883,11092,203,10412,3996,8,-15185,-11182
2013-07-20,-567,6063,400,5895,3499,7902,9141,20543
2013-07-27,-1549,2346,437,1234,-618,-4303,-6970,-11890
2013-08-03,-195,6903,-675,6034,-422,1226,-2360,-1556
2013-08-10,-1012,16251,-414,14825,-1485,4039,-2752,-198
2013-08-17,-30,-9036,326,-8740,481,387,12004,12872
2013-08-24,96,-3164,57,-3010,-888,-8620,-9151,-18659
2013-08-31,656,-5309,-644,-5297,-1750,2015,4463,4727
2013-09-07,381,-627,-10,-256,1854,-1973,13914,13795
2013-09-14,-502,9226,-127,8597,1529,1127,-18875,-16219
2013-09-21,-1683,1745,183,245,1821,-7257,12414,6978
2013-09-28,-490,6722,-624,5607,3388,-1469,-4314,-2395
2013-10-05,262,-22266,-159,-22164,-276,3228,893,3846
2013-10-12,1169,3869,-361,4677,1449,-1839,-6442,-6833
2013-10-19,-470,14125,400,14055,2978,-89,17512,20400
2013-10-26,-2523,10311,86,7873,-79,1226,-3913,-2766
2013-11-02,-357,2768,186,2597,2479,2844,5927,11251
2013-11-09,-984,3578,225,2820,2745,-3222,14017,13540
2013-11-16,-899,3515,-34,2582,12951,258,-5300,7909
2013-11-23,-916,14101,-506,12679,7089,-2041,9652,14700
2013-11-30,-664,655,45,37,3687,576,-4774,-510
2013-12-07,-1274,3900,-212,2414,1140,-124,4855,5872
2013-12-14,-2126,1256,586,-283,6145,4436,5737,16318
2013-12-21,-1416,-6925,-30,-8371,8383,-7766,5584,6200
2013-12-28,-595,1122,33,560,4916,-2412,-21438,-18935
2014-01-11,1492,-4445,-105,-3058,-2186,-7458,27809,18165
2014-01-18,-506,-2879,815,-2569,722,-148,-539,35
2014-01-25,-1526,-3570,532,-4565,-1546,6233,16661,21348
2014-02-01,-1071,-18158,493,-18736,-7519,1558,1049,-4912
2014-02-08,-2437,-6131,289,-8279,-753,3350,-4178,-1581
2014-02-15,313,5035,215,5563,-2787,-1095,-13913,-17795
2014-02-22,-1926,6019,-234,3860,759,1363,-3134,-1013
2014-03-01,-54,-7590,7,-7636,-41,-3206,7849,4602
2014-03-08,-922,-6179,25,-7076,3839,-2670,7601,8770
2014-03-15,-1361,1538,-109,68,-10923,4812,-12424,-18535
2014-03-22,-541,-3987,256,-4273,-1910,-3996,7071,1165
2014-03-29,313,-7642,110,-7218,-5156,-558,-32726,-38440
2014-04-05,947,-3792,-973,-3818,2231,219,28831,31281
2014-04-12,-283,1146,773,1636,-842,3600,2877,5636
2014-04-19,1004,-4182,962,-2216,1940,3119,-1640,3419
2014-04-26,738,711,-189,1259,1947,-1450,5141,5638
2014-05-03,-194,8559,515,8879,-97,-125,1821,1599
2014-05-10,-1504,3458,117,2072,-1537,2669,9102,10235
2014-05-17,1407,14163,578,16147,-972,2564,-3373,-1781
2014-05-24,-755,898,429,571,337,-2393,-10809,-12864
2014-05-31,2771,-7213,-773,-5215,817,5464,8596,14877
2014-06-07,985,13266,342,14593,3410,-4725,5019,3705
2014-06-14,-1086,6411,215,5540,2381,487,1107,3975
2014-06-21,47,14878,750,15674,2963,-4752,-4880,-6669
2014-06-28,964,-10461,55,-9442,-328,-1177,-942,-2447
2014-07-05,1638,-2964,-337,-1664,3309,3021,16688,23018
2014-07-12,719,6815,-262,7272,-1606,10,-12183,-13779
2014-07-19,1630,1277,901,3809,1380,4501,2537,8419
2014-07-26,243,-3016,250,-2523,2033,1647,-3643,38
2014-08-02,2462,8995,166,11624,965,3674,2545,7185
2014-08-09,1760,2676,366,4802,-5848,2325,-6281,-9805
2014-08-16,2577,6601,1599,10777,877,2237,3911,7026
2014-08-23,2236,-6084,298,-3550,1731,1828,-1678,1881
2014-08-30,-47,5114,-203,4864,-1107,11086,-2377,7603
2014-09-06,1100,7701,1865,10667,1879,2489,-3938,431
2014-09-13,2483,-4071,-152,-1740,1366,8163,-4184,5345
2014-09-20,609,7705,1142,9455,2940,4243,-4495,2687
2014-09-27,3933,1869,-1583,4218,-419,-1956,-3391,-5766
2014-10-04,4390,-1686,-476,2228,1845,12250,-22812,-8718
2014-10-11,17,7842,-50,7809,-2546,6243,15679,19376
2014-10-18,3188,-11824,577,-8059,-4142,-1842,-279,-6264
2014-10-25,1971,434,-113,2293,1780,493,-1474,798
2014-11-01,3261,8066,-366,10962,9047,6396,953,16397
2014-11-08,-2673,11234,304,8865,10549,9731,9330,29610
2014-11-15,-830,2595,711,2476,9102,5870,7706,22678
2014-11-22,1942,-367,-1,1575,7349,-4294,3493,6548
2014-11-29,1522,1,42,1565,-530,1585,-10343,-9288
2014-12-06,1152,-8003,-498,-7350,4823,8567,-6283,7108
2014-12-13,1267,-6062,584,-4211,1208,3198,12760,17166
2014-12-20,4086,-13600,304,-9210,-3877,4975,3339,4437
2014-12-27,2375,-1211,-250,914,31,-11335,-30284,-41587
2015-01-10,1180,4645,405,6231,-6799,-1289,12452,4364
2015-01-17,6574,-3954,-2,2619,-5771,-2443,2572,-5642
2015-01-24,3821,442,2849,7112,4648,2363,4561,11572
2015-01-31,4579,6752,1825,13156,-1048,702,6686,6339
2015-02-07,3063,1926,203,5191,-4771,688,6610,2528
2015-02-14,1559,4768,-396,5931,1139,7150,6149,14438
2015-02-21,2974,1662,-476,4160,2893,478,-13090,-9719
2015-02-28,6245,4709,517,11471,3505,2246,10324,16075
2015-03-07,3562,2682,656,6900,2918,2840,3910,9668
2015-03-14,5106,5510,156,10772,2443,6161,9067,17671
2015-03-21,2202,7884,572,10658,-3524,-9545,1706,-11363
2015-03-28,3961,10431,-109,14283,-344,1871,11707,13235
2015-04-04,4244,-30721,-947,-27423,10361,9993,-7985,12369
2015-04-11,2765,2138,338,5242,10411,2858,-8816,4452
2015-04-18,2715,4335,1343,8394,5990,-6639,17953,17304
2015-04-25,1680,1948,1598,5226,8210,3329,3831,15369
2015-05-02,2448,-3992,-143,-1687,-2056,2253,-16581,-16383
2015-05-09,963,3948,921,5832,714,1338,10470,12523
2015-05-16,394,11018,424,11837,1872,-6663,-3834,-8626
2015-05-23,2651,9607,-291,11967,5641,392,-7378,-1345
2015-05-30,1687,-3513,771,-1055,5742,-62,23570,29250
2015-06-06,548,-3846,337,-2961,2552,1224,-17638,-13862
2015-06-13,1562,-18445,24,-16859,-4126,-2761,7767,881
2015-06-20,3495,-8906,82,-5329,-2533,1078,7185,5731
2015-06-27,2340,-428,-645,1267,2980,-13864,-2509,-13393
2015-07-04,4837,2064,-417,6484,-1854,4771,-8321,-5404
2015-07-11,1880,1638,879,4397,-8534,9742,-12528,-11320
2015-07-18,3994,5747,-364,9376,6322,-1796,10887,15412
2015-07-25,2104,-262,-107,1734,-817,6843,-3648,2379
2015-08-01,1681,1198,-72,2807,-28,2639,-936,1675
2015-08-08,-144,1108,575,1539,3564,8204,17067,28835
2015-08-15,1892,6013,823,8727,-5014,11945,-14571,-7640
2015-08-22,2581,-2772,799,608,-4628,-53,1869,-2812
2015-08-29,5827,9017,-124,14720,-6269,2301,16372,12404
2015-09-05,8686,11204,577,20466,-9861,-3383,-13944,-27188
2015-09-12,3806,5148,-216,8738,-14206,7824,2690,-3692
2015-09-19,4111,7247,847,12205,-4315,4680,18981,19346
2015-09-26,136,10378,-549,9964,-1922,-10770,-1757,-14450
2015-10-03,6123,-6269,-708,-855,-1776,303,-11776,-13249
2015-10-10,1050,10576,189,11814,5235,10068,8634,23937
2015-10-17,2728,4962,-709,6981,-236,-507,20224,19481
2015-10-24,1589,4649,-46,6192,3250,7712,-13610,-2648
2015-10-31,1730,8828,-1151,9407,1871,7105,5721,14698
2015-11-07,-338,10363,1113,11138,1707,561,22859,25127
2015-11-14,146,8933,-540,8539,3266,2454,1874,7593
2015-11-21,3417,4090,-112,7395,1990,8543,-14790,-4257
2015-11-28,535,-1566,-1269,-2300,-546,2176,11750,13380
2015-12-05,2346,813,-1107,2052,1048,1796,-3544,-700
2015-12-12,218,3218,627,4063,-4901,3847,22305,21250
2015-12-19,1957,1469,1613,5039,-2258,3072,23591,24405
2015-12-26,-837,-1666,-37,-2540,-884,-17450,-18181,-36515
2016-01-09,1973,3235,166,5374,-7464,2235,25090,19860
2016-01-16,2276,-3754,2022,544,-3586,-6317,-11286,-21188
2016-01-23,3193,4779,446,8418,-1904,7134,4398,9628
2016-01-30,2421,-788,499,2131,-3650,4493,-4863,-4020
2016-02-06,2025,14555,732,17312,-6107,129,3916,-2062
2016-02-13,818,-13152,1496,-10839,-5625,11465,-3308,2531
2016-02-20,4484,19756,-968,23271,-4410,6641,2931,5162
2016-02-27,3823,9324,-103,13043,-10158,2118,-7455,-15495
2016-03-05,2524,15380,-339,17564,-1385,-863,17271,15023
2016-03-12,1212,8964,-1132,9045,-15825,9962,1432,-4431
2016-03-19,3017,22769,-2702,23083,-6780,-5610,15073,2683
2016-03-26,-323,11643,639,11960,-3588,-18268,-22099,-43955
2016-04-02,-477,-15555,651,-15381,4152,302,-37700,-33245
2016-04-09,-2061,-11761,618,-13203,1465,8163,11939,21568
2016-04-16,-5034,8430,-1213,2183,5386,7709,-2854,10241
2016-04-23,209,9911,-1134,8985,6016,4095,-413,9698
2016-04-30,-2319,13635,-585,10731,-418,1962,-2730,-1185
2016-05-07,175,2702,438,3314,-4350,219,-27302,-31432
2016-05-14,-1521,11227,1525,11231,725,3484,23008,27218
2016-05-21,1823,6830,517,9171,407,4920,-496,4831
2016-05-28,1236,-5494,-124,-4381,-1753,680,-7885,-8958
2016-06-04,352,8940,-561,8731,-975,6110,-143,4992
2016-06-11,1295,8679,-711,9264,1283,7643,-14709,-5783
2016-06-18,724,-4575,-682,-4533,-2328,-4877,14189,6984
2016-06-25,1887,4000,-209,5677,-1722,-21575,-1240,-24537
2016-07-02,2096,4269,-720,5646,1136,2442,-20788,-17210
2016-07-09,2212,25497,-235,27474,-3068,274,-2268,-5062
2016-07-16,4520,17145,-688,20976,4437,-1153,6765,10049
2016-07-23,1753,6787,260,8800,-2716,3047,6325,6656
2016-07-30,729,3124,199,4053,-955,10912,11229,21186
2016-08-06,2437,9121,-1065,10494,-4928,-2663,1454,-6137
2016-08-13,1414,12976,-852,13538,945,4748,-17355,-11662
2016-08-20,1427,4330,-1402,4355,-2293,2919,8665,9290
2016-08-27,3803,1077,-270,4610,-155,2687,-2095,437
2016-09-03,766,-13265,707,-11792,21,7073,-1122,5973
2016-09-10,-4498,-6298,35,-10761,-4807,10652,20932,26778
2016-09-17,2934,13683,76,16694,-8011,-5261,3045,-10228
2016-09-24,382,12058,1022,13461,-2015,-28058,-8471,-38543
2016-10-01,3622,-6368,-264,-3010,2517,11920,-18965,-4528
2016-10-08,871,-7339,-339,-6807,4324,2896,2473,9693
2016-10-15,1395,3181,-603,3973,700,3646,8276,12622
2016-10-22,-56,7743,-1015,6672,852,-7525,-31,-6704
2016-10-29,2053,8923,-80,10896,1089,-2678,1446,-142
2016-11-05,1910,6052,-165,7797,-1064,-65,-1191,-2320
2016-11-12,3398,4661,-313,7746,5460,4201,7956,17617
2016-11-19,6780,-2614,-99,4067,4615,-11093,14197,7719
2016-11-26,1178,1122,166,2466,3305,122,1604,5031
2016-12-03,-766,-8914,-389,-10069,4034,6582,-5106,5510
2016-12-10,-613,2733,-362,1757,2772,7309,9818,19899
2016-12-17,-659,-2145,-842,-3645,1142,-2698,21640,20084
2016-12-24,-1013,-12656,167,-13502,-1987,-16708,3536,-15159
2016-12-31,-95,-5014,-387,-5496,585,8281,-34895,-26029
2017-01-07,2342,2080,106,4528,3468,6241,38794,48504
2017-01-14,498,3349,733,4580,2389,5172,-798,6763
2017-01-21,-191,-5381,-137,-5708,-3760,-1682,22439,16997
2017-01-28,1272,-13567,82,-12213,-1439,4462,-5858,-2835
2017-02-04,3329,-1264,116,2182,-2477,2442,-7883,-7919
2017-02-11,-967,-2931,-387,-4285,1758,-1011,1614,2361
2017-02-18,1649,487,-230,1907,-1277,-1412,8566,5877
2017-02-25,1574,-2068,228,-266,-2609,3679,9767,10836
2017-03-04,763,-11295,614,-9917,-1659,6050,-17805,-13414
2017-03-11,-3606,-6956,974,-9588,-7227,-495,-21413,-29135
2017-03-18,-4651,1509,292,-2850,-5853,-5963,29158,17343
2017-03-25,-2940,-1468,-188,-4596,-7543,-19237,-15407,-42186
2017-04-01,3354,10998,-84,14268,5845,8900,-30159,-15415
2017-04-08,851,-21759,1191,-19717,4423,5872,19303,29598
2017-04-15,-2317,-7959,220,-10056,3148,4104,-6319,934
2017-04-22,1362,-12826,305,-11159,2584,-6932,725,-3623
2017-04-29,6045,1,762,6808,4891,7548,-212,12227
2017-05-06,1084,4258,-210,5132,2379,-399,-13525,-11545
2017-05-13,2541,17583,-243,19881,3719,3954,4349,12022
2017-05-20,-261,7799,-829,6709,-259,5627,11841,17210
2017-05-27,6298,7335,192,13826,1296,4565,-3162,2700
2017-06-03,4636,-3454,-666,516,5435,4845,-12554,-2273
2017-06-10,508,5341,220,6069,-1425,3096,27858,29530
2017-06-17,3546,11003,-276,14272,-3176,-6023,-25993,-35193
2017-06-24,3687,3255,-93,6849,-263,-14643,6830,-8076
2017-07-01,1497,-7728,-424,-6655,-140,758,-10627,-10009
2017-07-08,3254,8058,530,11842,-352,-4134,8986,4499
2017-07-15,4786,9467,978,15230,3770,4131,-10806,-2905
2017-07-22,2036,11809,553,14398,2919,-1595,8385,9708
2017-07-29,1374,10695,-318,11751,-1238,2939,-2616,-915
2017-08-05,1609,16280,1499,19388,-377,5981,819,6424
2017-08-12,1488,-1475,1280,1293,-3025,2141,-5960,-6844
2017-08-19,4231,-4462,57,-174,-2996,-1851,22696,17849
2017-08-26,2176,3970,-431,5714,-2460,5002,-7975,-5432
2017-09-02,1614,-1174,1152,1592,-1581,13798,-14810,-2592
2017-09-09,3061,2007,407,5475,-6439,5557,19092,18210
2017-09-16,1419,3842,460,5722,-9193,-562,2251,-7504
2017-09-23,697,2425,-563,2559,-9235,-13939,-11011,-34185
2017-09-30,4709,-10141,-917,-6349,9533,3911,-5770,7674
2017-10-07,3662,945,760,5367,12353,995,12864,26212
2017-10-14,1485,2705,946,5135,8421,2071,-4450,6042
2017-10-21,551,110,-255,406,6833,-4216,-5836,-3220
2017-10-28,3695,-10848,-183,-7336,6964,767,10457,18189
2017-11-04,1698,-7296,-295,-5894,-48,963,-4495,-3580
2017-11-11,3082,-907,757,2932,1832,-1040,-6012,-5220
2017-11-18,3309,2356,92,5757,-3247,-2850,9973,3876
2017-11-25,1363,1380,443,3186,-1553,5435,609,4491
2017-12-02,6039,-2040,-569,3430,-1668,2218,-10169,-9618
2017-12-09,3763,-4897,-549,-1682,-1549,8442,45344,52236
2017-12-16,2739,526,-1053,2211,-6222,5487,-1299,-2034
2017-12-23,1777,4274,-864,5187,761,-20293,-8999,-28531
2017-12-30,2830,-2237,449,1042,1085,3263,-11987,-7639
2018-01-13,931,9578,519,11028,4994,877,-17334,-11463
2018-01-20,3798,3932,219,7949,-1481,-4145,8767,3142
2018-01-27,3745,164,218,4127,-1718,-2538,-14126,-18381
2018-02-03,4666,-8646,925,-3055,-1256,-3449,1869,-2836
2018-02-10,-595,-9623,1421,-8797,-4300,416,8073,4189
2018-02-17,-5871,-5126,527,-10470,1272,-7895,-7685,-14308
2018-02-24,445,2054,138,2637,-537,-250,1949,1162
2018-03-03,2016,-11758,42,-9700,-4634,12755,-1444,6677
2018-03-10,-206,10908,1153,11856,-4323,4860,17896,18433
2018-03-17,-3862,8527,324,4989,-11532,-3504,8250,-6787
2018-03-24,-4482,7954,2700,6171,-21624,-21716,-4103,-47443
2018-03-31,1731,-7743,-727,-6740,2288,2689,-40241,-35265
2018-04-07,1493,-5947,201,-4252,3326,8189,23611,35127
2018-04-14,2144,8010,396,10551,3057,4227,-17424,-10140
2018-04-21,2713,9544,1667,13925,4806,2168,16946,23920
2018-04-28,3033,5336,-27,8343,2835,108,-6497,-3553
2018-05-05,239,-3557,-173,-3490,-8,-160,71,-97
2018-05-12,2473,8353,-27,10799,1265,2377,-2602,1039
2018-05-19,1768,9665,104,11537,971,-1523,11119,10566
2018-05-26,2558,-7002,-874,-5318,-3800,-2167,-14205,-20171
2018-06-02,3838,-16642,316,-12489,-5278,4312,12675,11709
2018-06-09,142,-4760,-1422,-6040,-1083,2701,3591,5209
2018-06-16,3323,15119,-1106,17336,-400,1346,-1211,-265
2018-06-23,975,302,492,1769,-4859,-8621,13126,-353
2018-06-30,9849,-2934,738,7653,-2998,9512,5088,11602
2018-07-07,3801,8191,-305,11686,761,2308,-1700,1369
2018-07-14,2729,104,244,3077,6027,6536,-1990,10573
2018-07-21,1519,-2013,-990,-1485,1736,682,955,3373
2018-07-28,2510,5266,-102,7675,-625,5388,5203,9966
2018-08-04,5101,11640,-351,16389,-2249,-6632,-5411,-14292
2018-08-11,1817,1247,-581,2483,-1071,-589,-4670,-6330
2018-08-18,2646,-19221,-507,-17082,-5101,-7298,11395,-1004
2018-08-25,-609,2472,409,2272,-2097,355,466,-1276
2018-09-01,1861,5434,-686,6609,-46,-92,1221,1083
2018-09-08,1209,3062,207,4478,-10714,3228,11088,3602
2018-09-15,2588,23290,550,26427,-14823,2663,-3660,-15820
2018-09-22,2970,15030,-236,17763,-5175,-23007,-1485,-29667
2018-09-29,3341,3808,-2189,4961,8356,-1794,15172,21734
2018-10-06,1895,-1982,1032,945,15774,6326,-620,21480
2018-10-13,863,10362,-74,11152,544,-1793,2450,1201
2018-10-20,2878,272,1108,4258,2237,-4082,9609,7764
2018-10-27,27,-10749,-1548,-12269,-3569,5549,-1701,279
2018-11-03,4703,-1664,169,3208,1074,5454,1961,8489
2018-11-10,-2039,16205,264,14430,3620,4134,5367,13121
2018-11-17,2453,-1400,-243,809,-1862,-162,7580,5557
2018-11-24,795,-7360,-87,-6652,-2035,3683,-5115,-3468
2018-12-01,-750,10535,681,10466,-1379,7331,787,6738
2018-12-08,-1118,12348,180,11410,-4489,17174,19616,32301
2018-12-15,-630,1073,825,1269,-1716,16279,-1585,12978
2018-12-22,-1867,-3105,-709,-5681,-5044,-22049,2302,-24791
2018-12-29,890,-5166,-787,-5063,999,5049,-17457,-11408
2019-01-12,-1892,22161,-186,20083,-4279,8797,10727,15245
2019-01-19,-2803,8229,1270,6696,-674,-266,3097,2158
2019-01-26,-1904,-1041,703,-2241,1649,6033,-8168,-486
2019-02-02,-3950,9156,-85,5121,-1240,6383,1412,6555
2019-02-09,-1144,9966,-595,8227,-1019,8822,8672,16475
2019-02-16,-591,1962,-47,1324,-538,843,-7482,-7177
2019-02-23,-2008,10214,-1863,6344,-142,3172,612,3642
2019-03-02,-26,4526,-600,3899,-3405,10258,4613,11466
2019-03-09,6238,2547,902,9686,-11575,4591,6142,-841
2019-03-16,4508,-5953,-393,-1838,-15895,4016,-9529,-21408
2019-03-23,-744,17856,659,17771,-10922,-14875,-470,-26267
2019-03-30,624,12439,-1742,11322,4385,15705,-27961,-7871
2019-04-06,1120,-17396,177,-16098,14635,8769,8010,31414
2019-04-13,-5628,5988,676,1036,5274,5627,730,11631
2019-04-20,-1072,11695,-80,10544,14274,-4438,-3031,6805
2019-04-27,-305,-3113,259,-3158,6401,2762,-19348,-10186
2019-05-04,-319,-2570,-735,-3624,0,-28,400,372
2019-05-11,1239,337,1486,3062,2808,5538,25436,33782
2019-05-18,2221,13590,214,16025,-573,-1949,7282,4760
2019-05-25,186,-1728,188,-1354,-1289,5790,-3902,599
2019-06-01,3440,4417,-1506,6351,-2859,6858,611,4610
2019-06-08,310,17416,-439,17287,-1480,5900,-13745,-9325
2019-06-15,2325,3305,18,5647,-943,5357,-15977,-11563
2019-06-22,2533,4978,144,7655,-3133,-20124,3120,-20137
2019-06-29,1156,5145,-1502,4799,585,4536,2314,7435
2019-07-06,387,2970,107,3463,1922,4706,-738,5890
2019-07-13,-186,9496,-131,9178,-931,8443,-3161,4350
2019-07-20,-768,10290,-490,9033,-1099,1329,13227,13457
2019-07-27,1041,-1615,669,95,367,6074,-9206,-2765
2019-08-03,953,2920,-248,3625,-3399,1799,3451,1850
2019-08-10,620,1758,-722,1656,-1869,5455,2528,6114
2019-08-17,-1056,4998,1511,5454,-3596,-521,-4229,-8346
2019-08-24,2348,-9103,-563,-7317,39,-1035,676,-320
2019-08-31,2109,14957,-644,16421,-895,268,5857,5230
2019-09-07,-254,7268,761,7775,-1615,4411,6444,9240
2019-09-14,639,4834,-315,5158,-9711,12695,-10694,-7709
2019-09-21,-1064,-1648,-284,-2996,-11780,-31486,-1037,-44303
2019-09-28,3199,8709,-799,11108,-2212,3990,-3837,-2059
2019-10-05,2333,-4257,78,-1846,10725,9139,2368,22232
2019-10-12,483,10606,-135,10953,5082,1028,-9424,-3314
2019-10-19,424,5157,-509,5072,5220,1274,6336,12830
2019-10-26,14,-10557,-727,-11270,6493,264,-13414,-6657
2019-11-02,3818,6685,-651,9851,4222,-5398,11842,10666
2019-11-09,2410,5317,900,8627,5698,-872,2075,6902
2019-11-16,-718,1237,540,1060,1110,-4324,-3690,-6904
2019-11-23,-636,-1508,-757,-2901,1311,4582,-6369,-476
2019-11-30,2100,-5111,-491,-3501,3940,6062,-475,9527
2019-12-07,2242,2357,-103,4496,-2003,4757,1314,4068
2019-12-14,2201,5217,-758,6659,-533,2274,3550,5292
2019-12-21,282,-9229,-88,-9034,1407,-14040,7720,-4912
2019-12-28,-996,-4461,-99,-5556,1710,-2455,-27439,-28184
2020-01-11,1386,23297,381,25065,-164,2058,30546,32440
2020-01-18,1516,1957,592,4065,2638,-3738,13894,12794
2020-01-25,1669,-5477,-307,-4115,-2840,2905,-5951,-5887
2020-02-01,326,-1502,1509,334,-2956,10237,6043,13324
2020-02-08,2731,16331,1945,21006,2837,16738,1187,20762
2020-02-15,-419,14218,-813,12985,-2166,3706,-13562,-12022
2020-02-22,-2794,6563,2288,6057,-681,3973,9657,12949
2020-02-29,2003,-4897,-133,-3028,-7450,5234,-8828,-11043
2020-03-07,1577,41694,-631,42640,-5178,10970,6508,12301
2020-03-14,777,-9901,-1142,-10266,-12418,3104,-7210,-16524
2020-03-21,3921,-613,190,3498,-14747,-26316,9740,-31323
2020-03-28,8797,25,-1076,7746,-14221,-34902,-6768,-55891
2020-04-04,5686,-10499,755,-4059,3232,4961,-373,7820
2020-04-11,4500,-1957,491,3034,-155,3581,-6403,-2977
2020-04-18,2259,-4232,-901,-2873,-26,-5763,9728,3939
2020-04-25,3211,-1491,-632,1088,-3937,2049,-5175,-7063
2020-05-02,55,-11076,403,-10618,-2719,-6517,-9471,-18707
2020-05-09,637,2377,633,3647,-927,-661,3711,2123
2020-05-16,1557,-4569,764,-2248,-2226,57,-8404,-10573
2020-05-23,8134,-4531,1256,4858,748,5511,1379,7638
2020-05-30,1852,-4977,714,-2412,-382,1579,25230,26427
2020-06-06,1584,10461,426,12472,2687,-7388,32215,27515
2020-06-13,-1855,16829,91,15065,-4404,-4843,1023,-8224
2020-06-20,1032,15475,-445,16061,-4219,2614,12352,10747
2020-06-27,1483,1962,229,3674,-4943,-13939,3440,-15441
2020-07-04,2180,-5207,93,-2934,-770,-7465,22747,14512
2020-07-11,-36390,10679,471,-25240,669,7514,10581,18764
2020-07-18,-821,2922,728,2829,-1099,1744,20826,21471
2020-07-25,-1496,-5243,-908,-7647,1095,3374,450,4920
2020-08-01,-9193,11464,464,2734,-5786,-1400,-11300,-18486
2020-08-08,-4421,14626,829,11034,1655,876,18624,21155
2020-08-15,-23,-1821,1019,-825,3708,-8952,1090,-4154
2020-08-22,308,9585,-764,9129,-1693,4644,9854,12806
2020-08-29,2275,-1176,895,1994,-5905,-5850,7058,-4697
2020-09-05,5055,3777,270,9102,115,2593,-11165,-8456
2020-09-12,-4386,2815,600,-971,-8970,11322,727,3078
2020-09-19,-4871,2301,-675,-3245,-15257,-4251,8701,-10807
2020-09-26,-227,-795,-584,-1605,-2744,-18225,-24946,-45914
2020-10-03,-573,-3376,787,-3162,5314,9032,3030,17375
2020-10-10,3151,19368,-1432,21088,14209,7851,17670,39730
2020-10-17,-1633,4223,869,3458,-939,4020,-5548,-2467
2020-10-24,-197,-10632,-188,-11017,2287,1577,14672,18536
2020-10-31,3463,721,574,4758,-2127,-2720,4077,-770
2020-11-07,1513,13732,570,15816,4845,4242,-14479,-5392
2020-11-14,-2708,10094,506,7892,4228,7364,877,12469
2020-11-21,-14291,19648,-352,5005,-11933,4616,17633,10316
2020-11-28,-8358,3725,-298,-4931,4579,-1161,-11248,-7830
2020-12-05,-6915,12572,-239,5418,423,-2780,23928,21572
2020-12-12,-5852,7711,1169,3028,1564,9471,30686,41720
2020-12-19,-7718,8014,430,727,-5044,-226,28115,22845
2020-12-26,-841,-5607,-1314,-7762,371,-28633,-49210,-77472
2021-01-09,2857,7364,56,10276,5125,-2671,80684,83138
2021-01-16,-377,2761,-155,2229,1775,5484,-9326,-2067
2021-01-23,-2645,7562,1694,6612,2098,1433,3900,7430
2021-01-30,-5692,7277,-362,1223,-1876,621,-4015,-5270
2021-02-06,-5094,10287,-364,4829,4632,5891,-67,10456
2021-02-13,-238,4782,2005,6549,3395,-7484,-16014,-20104
2021-02-20,-3773,-18890,915,-21748,935,3166,17957,22058
2021-02-27,-4591,-17196,-370,-22158,-4538,-12779,-5663,-22981
2021-03-06,1766,1116,-1968,914,-1324,7007,16447,22130
2021-03-13,-3078,-4315,479,-6913,-598,7696,-8253,-1155
2021-03-20,-2747,5545,-268,2530,-790,-9431,-5114,-15335
2021-03-27,-3679,2013,-690,-2357,-8524,-23885,-17017,-49426
2021-04-03,-2007,3756,-776,974,9776,5686,-15335,128
2021-04-10,-6224,17155,-25,10906,6411,12265,9089,27764
2021-04-17,-11452,10060,397,-996,2882,3527,-42631,-36223
2021-04-24,-3186,1337,110,-1739,4925,1232,3290,9446
2021-05-01,-2041,-14320,90,-16270,589,-7106,-47459,-53976
2021-05-08,1141,-724,1077,1494,1447,-3732,42923,40639
2021-05-15,1902,6000,1548,9450,-4714,8784,-17902,-13832
2021-05-22,-886,-5507,-2142,-8536,-2232,11890,-10775,-1116
2021-05-29,1294,-10899,-964,-10569,1814,-301,11354,12867
2021-06-05,390,6672,2424,9485,947,4904,14023,19875
2021-06-12,1055,4106,322,5483,-357,13098,8770,21511
2021-06-19,-2058,9835,-870,6907,-1917,2910,5754,6747
2021-06-26,327,-10034,-1102,-10809,-1467,-3032,-1203,-5701
2021-07-03,-2020,-1889,38,-3871,-3100,8871,16562,22333
2021-07-10,-773,-12180,1075,-11878,-175,25665,-2314,23176
2021-07-17,-1408,7828,-324,6095,2079,3623,-33227,-27525
2021-07-24,1344,-10830,-1505,-10991,-585,-2278,-1708,-4571
2021-07-31,-1906,2256,-251,100,32,5478,1467,6977
2021-08-07,6156,-11034,1386,-3492,1050,6818,11962,19830
2021-08-14,-869,6597,2073,7801,1992,1615,-29712,-26104
2021-08-21,559,-1824,-86,-1351,-5502,-2252,-3027,-10781
2021-08-28,-426,-5469,-1098,-6993,241,14807,15221,30269
2021-09-04,-4558,10429,596,6467,4227,4329,2404,10960
2021-09-11,-1404,17629,-437,15788,1306,9516,-3038,7783
2021-09-18,2900,6790,-1367,8323,-11593,2798,5598,-3197
2021-09-25,1268,4395,-379,5283,-2285,-23865,-10620,-36771
2021-10-02,5255,11945,-109,17091,-3327,-6936,8379,-1883
2021-10-09,1192,1407,716,3315,10156,-7058,9604,12701
2021-10-16,654,12248,-224,12679,9583,6246,8283,24112
2021-10-23,1201,-6048,-705,-5552,2305,-3693,818,-571
2021-10-30,-2104,-5248,-1220,-8572,4115,-4718,-8027,-8630
2021-11-06,-2276,12803,109,10635,1463,4457,19129,25049
2021-11-13,-4924,4567,-67,-425,1651,13010,-3204,11457
2021-11-20,-5463,-136,232,-5368,-472,10708,25633,35870
2021-11-27,1051,-13378,-2202,-14529,-3091,-4514,27644,20039
2021-12-04,12148,-11778,195,564,-762,20051,-2441,16848
2021-12-11,1962,4588,-76,6475,-6087,11576,-19418,-13930
2021-12-18,2515,-15872,-2390,-15747,-8390,12544,-1044,3110
2021-12-25,1317,-3100,-407,-2189,1245,-12216,-37365,-48336
2022-01-08,-8332,6206,664,-1463,7815,-1437,31007,37386
2022-01-15,-5310,9357,1177,5224,-113,5629,-19278,-13762
2022-01-22,-867,158,-1599,-2308,96,-17200,-2296,-19400
2022-01-29,6907,-5552,-869,487,-1209,5618,-6674,-2265
2022-02-05,2647,-1073,-302,1272,-2321,2879,7610,8168
2022-02-12,1114,-18966,-1068,-18920,-295,-8942,-22581,-31818
2022-02-19,-555,180,-447,-821,-2608,9431,20041,26865
2022-02-26,1101,-3284,-2199,-4382,-4026,-2232,8273,2015
2022-03-05,2858,-3642,-452,-1237,-9133,13320,11910,16098
2022-03-12,-1946,-1642,1815,-1773,-10503,13374,-8645,-5774
2022-03-19,1235,-1097,37,175,-6318,-9641,-5381,-21341
2022-03-26,246,-7033,1769,-5018,-2507,-23963,-26043,-52513
2022-04-02,-7813,-16661,590,-23883,5433,-13366,-5786,-13719
2022-04-09,-11467,105,-281,-11643,16753,8744,13883,39379
2022-04-16,585,-731,-165,-311,4062,12254,-14720,1595
2022-04-23,2463,-11521,-475,-9533,5978,-15090,7598,-1514
2022-04-30,7265,-10835,-356,-3926,4995,-3105,-25830,-23940
2022-05-07,4048,-8224,946,-3230,788,-2129,51899,50558
2022-05-14,-574,3734,-318,2842,-3454,3745,2016,2308
2022-05-21,3301,6286,-100,9487,42,12818,-5412,7448
2022-05-28,-2739,-11377,-706,-14822,-123,-274,3307,2909
2022-06-04,7424,-8305,-299,-1180,-1230,588,15831,15189
2022-06-11,-1371,-8624,-143,-10137,2053,-11030,8891,-86
2022-06-18,97,-4885,-11,-4799,-9416,-48112,12998,-44530
2022-06-25,514,-15993,-412,-15891,-4191,6669,-16259,-13781
2022-07-02,11918,-14140,-967,-3189,-4903,3305,8286,6687
2022-07-09,6881,-14891,2545,-5465,5264,20582,35186,61033
2022-07-16,3217,-9086,-902,-6771,4750,17532,-5266,17015
2022-07-23,2303,1120,48,3471,2976,-155,9663,12485
2022-07-30,3556,378,-1067,2868,-1209,12898,-9993,1696
2022-08-06,-10413,8299,734,-1381,610,10174,18135,28919
2022-08-13,-2348,11547,-626,8573,453,2313,-5207,-2441
2022-08-20,-5063,-767,70,-5760,291,12941,10649,23881
2022-08-27,77,-3015,-2663,-5602,-5405,-4066,-30247,-39718
2022-09-03,2305,1454,933,4693,-7037,1148,2177,-3712
2022-09-10,-1609,-1357,-201,-3167,-6097,-25699,20939,-10857
2022-09-17,2019,-12060,321,-9721,-3115,5566,-2453,-2
2022-09-24,2658,-10989,1169,-7162,-11791,-28630,-8706,-49128
2022-10-01,5698,-8863,-442,-3608,-5018,-15656,-28326,-48999
2022-10-08,8812,-17102,1446,-6844,13928,-1087,17471,30313
2022-10-15,4010,4004,1283,9297,4087,-1814,487,2760
2022-10-22,66,1476,-2094,-551,-3533,-13872,17248,-157
2022-10-29,-2481,-11705,-1761,-15947,3365,-1760,-9025,-7420
2022-11-05,-16029,-5746,619,-21156,3337,738,-4057,18
2022-11-12,-382,-1204,1144,-442,5533,-673,8446,13306
2022-11-19,398,-5271,602,-4271,44,22156,36617,58817
2022-11-26,-2391,-467,-2024,-4882,4432,-451,-54955,-50974
2022-12-03,6189,5277,-2378,9087,-3489,-11046,21183,6649
2022-12-10,2040,-5975,-1290,-5225,11093,8540,53567,73201
2022-12-17,1563,-9413,-1434,-9284,-6688,-4728,-46145,-57561
2022-12-24,5171,-4586,-840,-255,-2657,-48623,-22064,-73343
2022-12-31,6629,-918,-1717,3994,1319,-6052,6239,1506
2023-01-07,8294,5695,1945,15935,-1997,-2697,10331,5637
2023-01-14,4915,12385,1435,18735,1864,-38947,28144,-8939
2023-01-21,2703,-3419,491,-225,-850,-1324,-16973,-19147
2023-01-28,-1004,-7131,81,-8053,3795,44,-12698,-8860
2023-02-04,-5434,11319,951,6836,-186,2318,9511,11644
2023-02-11,-8367,7163,-2,-1205,1051,-590,-11128,-10667
2023-02-18,-2053,26979,-469,24458,1981,2297,24652,28930
2023-02-25,-4404,2197,-1038,-3245,-4034,-2114,-139,-6287
2023-03-04,-482,-1601,-223,-2306,-5946,-8004,-1901,-15851
2023-03-11,-1697,9142,751,8196,-8356,-1461,2532,-7284
2023-03-18,1182,33380,641,35203,-10802,40960,782,30940
2023-03-25,-422,11830,-26,11382,-12968,-16766,-11522,-41256
2023-04-01,3903,-4834,-27,-957,622,9441,-26988,-16925
2023-04-08,305,-7887,732,-6850,23689,13106,39816,76611
2023-04-15,-676,5019,185,4528,18761,92,-35010,-16157
2023-04-22,1731,-10737,-1810,-10816,3430,427,6792,10649
2023-04-29,2208,2111,-1140,3179,3880,3293,-31316,-24143
2023-05-06,-4556,-6789,1679,-9666,3731,-2164,43106,44673
2023-05-13,39,11196,-508,10726,8083,10753,-13931,4905
2023-05-20,-197,9629,1388,10820,8674,11059,10892,30625
2023-05-27,-6569,10579,-62,3948,3793,-6059,-8637,-10903
2023-06-03,1375,5213,1162,7750,6087,-5391,18365,19060
2023-06-10,-728,178,560,11,13230,1933,4713,19877
2023-06-17,1229,10524,-1393,10360,5352,-6329,-3223,-4199
2023-06-24,698,1623,-1365,956,-5424,-5621,-20009,-31053
2023-07-01,-1589,12527,-209,10728,1950,4847,1362,8159
2023-07-08,-9494,-9560,1519,-17535,1817,7050,21738,30604
2023-07-15,-6734,-761,-212,-7706,2385,-4160,-47093,-48868
2023-07-22,-4177,-9639,-834,-14650,1011,-12039,15126,4098
2023-07-29,-122,2117,895,2890,1957,-1661,-6222,-5926
2023-08-05,-3647,11209,1270,8831,-596,-19641,8186,-12050
2023-08-12,-538,-3345,-1183,-5066,2260,-8711,-19596,-26047
2023-08-19,1777,-2752,-1731,-2706,-7408,11290,3315,7197
2023-08-26,-2185,4253,-241,1827,-6032,-5341,-30555,-41927
2023-09-02,7495,907,2104,10507,5321,9266,-16836,-2248
2023-09-09,968,36324,1290,38581,-8518,837,34019,26338
2023-09-16,626,8809,-946,8489,-15784,4352,-24158,-35590
2023-09-23,-231,-5416,25,-5622,-30255,-20206,-5697,-56159
2023-09-30,7210,2971,-390,9791,710,258,-10514,-9546
2023-10-07,471,1854,209,2535,14375,-6437,5485,13424
2023-10-14,1786,8081,-461,9406,12639,9478,-9174,12944
2023-10-21,486,-1462,1146,170,2147,-9052,-9647,-16552
2023-10-28,3063,2408,-2795,2676,105,-16727,22962,6339
2023-11-04,1483,-3901,631,-1787,3129,5140,4365,12634
2023-11-11,-709,-671,-408,-1787,3849,-2961,-13798,-12910
2023-11-18,1207,41,2441,3688,2860,4220,20548,27628
2023-11-25,-2098,-843,-198,-3139,45,8492,-25698,-17161
2023-12-02,-5583,463,191,-4929,-3572,-7175,38303,27555
2023-12-09,-5007,-10795,1698,-14104,-9920,6282,16362,12724
2023-12-16,-4377,22893,-1479,17038,2731,9715,-10464,1982
2023-12-23,-1436,-1648,1336,-1747,-1205,-22260,-5203,-28668
2023-12-30,403,-2048,469,-1177,-3373,4607,-29722,-28488
2024-01-13,7833,16968,1316,26117,12020,9803,-2987,18835
2024-01-20,1302,-435,-2021,-1155,2870,3599,12798,19267
2024-01-27,-913,3855,746,3687,7210,-2180,-23371,-18341
2024-02-03,-1945,4592,3515,6161,3082,3977,19406,26465
2024-02-10,196,14942,2774,17912,6034,1761,8883,16679
2024-02-17,3597,-5649,2909,857,3825,-5211,-18263,-19649
2024-02-24,2259,-2501,147,-96,-2063,-463,-6327,-8852
2024-03-02,-5152,4901,-30,-282,2837,5678,27522,36037
2024-03-09,-6514,15872,66,9423,3743,11561,22279,37584
2024-03-16,-5222,-8189,2763,-10648,-14619,21616,-11649,-4652
2024-03-23,821,7646,-1541,6926,-8896,-38925,4945,-42876
2024-03-30,-2336,-16605,-251,-19193,-4416,8422,-27824,-23818
2024-04-06,-2893,3479,-31,555,17648,-3489,43895,58054
2024-04-13,539,-10002,52,-9410,17306,513,-37862,-20043
2024-04-20,-413,6641,-32,6196,-4938,-14420,-2718,-22077
2024-04-27,5443,-7276,782,-1051,1532,-5178,-56516,-60162
2024-05-04,2959,-10174,-341,-7556,2687,-10712,37796,29770
2024-05-11,-3909,-3908,225,-7591,6648,16984,-24280,-649
2024-05-18,5286,21896,303,27486,2483,4240,12537,19259
2024-05-25,-4333,-3104,-1525,-8961,824,-7890,-16816,-23882
2024-06-01,-5887,13234,-1305,6042,2820,3374,4820,11014
2024-06-08,-5263,-26869,84,-32048,-3462,4044,14155,14737
2024-06-15,-1086,6566,-888,4592,816,-2428,-11392,-13005
2024-06-22,1192,-10620,-4272,-13699,-854,-16061,-25597,-42511
2024-06-29,-4888,-2542,-673,-8103,1850,-1249,-11526,-10925
2024-07-06,-5689,2164,966,-2558,6035,-2343,-8769,-5077
2024-07-13,-1363,-2060,-1236,-4659,2278,7745,-14626,-4603
2024-07-20,121,-7307,507,-6679,-569,-3527,-4574,-8669
2024-07-27,2287,-6947,145,-4514,-6129,12115,-26356,-20370
2024-08-03,12881,6777,71,19729,-6437,-11600,-9533,-27570
2024-08-10,-3229,15414,4606,16790,5217,14338,5674,25229
2024-08-17,3532,18509,-1439,20602,-475,15364,-13690,1200
2024-08-24,8990,15555,-1090,23456,-4426,8601,-26612,-22437
2024-08-31,3847,16405,-2755,17497,-8244,-13985,-14088,-36317
2024-09-07,4909,-2165,80,2824,-9023,4512,25500,20989
2024-09-14,-872,21034,-74,20088,-30068,13934,-659,-16793
2024-09-21,-5361,7749,538,2926,-19277,-20142,-8807,-48226
2024-09-28,161,-558,-1902,-2298,7676,2096,5592,15364
2024-10-05,2610,6682,-1389,7902,9101,13794,570,23465
2024-10-12,-1425,-3530,1458,-3496,9726,7142,-9010,7858
2024-10-19,-3848,-6161,685,-9324,5819,-4871,24607,25554
2024-10-26,-3976,-8971,1165,-11781,103,2779,-6826,-3944
2024-11-02,-11736,-44579,695,-55620,1534,-437,233,1330
2024-11-09,-9221,17246,-409,7616,5146,-2890,15003,17260
2024-11-16,1691,-9653,327,-7636,1235,11576,-15889,-3078
2024-11-23,-3167,-7791,370,-10588,-4458,-3141,-19601,-27199
2024-11-30,-5447,9224,-4668,-891,-6077,1761,5819,1503
2024-12-07,-9548,-6391,566,-15372,4829,9995,15901,30725
2024-12-14,335,7106,-85,7356,-5864,3823,-17118,-19160
2024-12-21,1815,-9180,676,-6690,-10235,-19521,-25950,-55707
2024-12-28,2269,-2286,227,211,5627,-5364,-11872,-11610
2025-01-11,5936,7579,1742,15257,2591,-5025,25839,23405
2025-01-18,4898,8282,1942,15121,-689,8752,13423,21486
2025-01-25,2172,1931,1192,5294,7527,1283,4830,13639
2025-02-01,1992,-14584,3458,-9134,-3152,7245,-3885,208
2025-02-08,-13382,17556,180,4354,-3844,-1878,5131,-591
2025-02-15,3454,2386,2510,8350,-3519,7890,-9128,-4757
2025-02-22,197,-1970,172,-1601,-10380,4360,-4774,-10795
2025-03-01,6269,15142,-1400,20011,-7083,7765,-7302,-6620
2025-03-08,11763,-3537,1417,9643,-2196,6863,10966,15633
2025-03-15,-7526,-843,1287,-7082,-18056,33953,-22573,-6677
2025-03-22,1754,-2337,378,-206,-12006,-17974,-7132,-37112
2025-03-29,5832,-59,-2090,3682,-4498,-4848,-1558,-10904
2025-04-05,17937,-25726,1144,-6646,17835,27988,21316,67139
2025-04-12,2358,-5119,2313,-448,10449,23107,20803,54359
2025-04-19,6104,2189,2692,10985,7056,9981,16327,33364
2025-04-26,1338,4384,3366,9088,2808,600,-24317,-20909
2025-05-03,25554,-5384,-925,19245,9680,-9127,964,1517
2025-05-10,2508,19287,2188,23984,4394,-1413,10088,13070
2025-05-17,-2414,28339,1868,27792,7153,-2250,-15250,-10347
2025-05-24,-5247,1004,-427,-4670,3091,-3328,-24145,-24382
2025-05-31,-11441,-1180,-680,-13301,3361,11654,4148,19163
2025-06-07,-14890,-4523,-1429,-20841,1798,2204,-310,3692
2025-06-14,-847,15729,136,15017,4733,4368,10260,19360
2025-06-21,-834,6151,-602,4715,-5241,-3692,14969,6036
2025-06-28,1906,1828,-835,2900,6513,10591,-6539,10564
2025-07-05,-5124,16591,736,12202,6115,-1678,4473,8910
2025-07-12,-7676,7647,-1141,-1171,4423,1709,-7102,-970
2025-07-19,3337,16479,-876,18940,5719,-9907,18952,14764
2025-07-26,2073,-3263,575,-615,7433,-1846,-19507,-13920
2025-08-02,-7521,-5270,-808,-13599,1939,-927,12085,13097
2025-08-09,-2256,2574,1093,1411,4955,7332,3582,15869
2025-08-16,3953,-3060,429,1321,11670,2005,-27316,-13641
2025-08-23,-3061,-1672,-355,-5088,-4962,-1058,-361,-6381
2025-08-30,4818,14199,-912,18105,-7857,3972,2647,-1238
2025-09-06,8911,2100,7565,18576,1086,-6048,10252,5290
2025-09-13,297,14819,-2566,12550,-20328,11886,-1752,-10194
2025-09-20,-1515,8167,-2379,4273,-17471,534,9928,-7009
2025-09-27,-116,-1587,-3153,-4855,-9618,-19970,-32198,-61786
2025-10-04,-14562,-9236,-185,-23984,24761,12586,8529,45877
2025-10-11,592,6013,806,7411,18832,2012,15536,36380
2025-10-18,-2905,-6635,1940,-7601,7526,-252,16264,23538
2025-10-25,-621,-3546,1242,-2924,13453,-2492,-20301,-9340
2025-11-01,-5811,-3545,-7987,-17343,6901,2806,18265,27972
2025-11-08,-4243,5663,2566,3986,-3466,1015,-8278,-10729
2025-11-15,1833,3541,789,6163,10210,9619,-3894,15935
2025-11-22,2769,5773,-3207,5335,-3515,-2469,-6697,-12682
2025-11-29,788,-7713,-215,-7140,6557,10658,8519,25734
2025-12-06,-645,4477,2969,6802,1346,-4441,9746,6650
2025-12-13,-792,3558,165,2930,2142,14065,4624,20831
2025-12-20,-2045,826,-591,-1810,-12348,-460,10766,-2042
2025-12-27,-2215,-10496,-499,-13209,3422,-5447,-44514,-46540
2026-01-10,135,917,309,1361,11416,10107,35949,57472
2026-01-17,2725,-3611,-1643,-2528,8755,14657,-16768,6645
2026-01-24,-1560,1904,847,1192,3295,3779,-5102,1973
2026-01-31,4546,7137,176,11859,4946,20811,11329,37086
2026-02-07,1629,-3596,8102,6136,5914,-4592,13099,14422
2026-02-14,-267,-4881,-5059,-10207,14280,-3931,2420,12769
2026-02-21,4052,-19008,1395,-13561,3997,18829,-8692,14135
2026-02-28,1007,-6731,-918,-6641,9739,13651,11381,34771
2026-03-07,1474,4044,-915,4602,3855,-9636,-2113,-7893
2026-03-14,9515,-9558,-2629,-2672,-17725,11946,-9526,-15305
2026-03-21,-403,-6352,3297,-3458,-25110,5118,19977,-16
2026-03-28,1406,-9455,-2244,-10293,-44481,-26461,-41578,-112521
2026-04-04,14343,-24789,-482,-10928,29518,23762,-3874,49405
2026-04-11,2556,6982,-3779,5759,39413,7069,-15387,31095
2026-04-18,3383,-88,-1702,1592,23818,-2947,18923,39794
2026-04-25,412,-8877,-2559,-11024,8117,-7863,-11055,-10801
2026-05-02,-24252,24064,357,169,3015,7292,-13161,-2855
2026-05-09,-5826,16443,-1475,9142,13935,1062,3679,18676
2026-05-16,414,7730,577,8721,9484,-10332,-7946,-8794
2026-05-23,-3678,82,-1221,-4816,10794,13502,-21333,2963
2026-05-30,-10681,-1844,120,-12405,-4915,12502,4947,12533
2026-06-06,-9532,2096,423,-7013,-7006,-10386,8479,-8913
2026-06-13,-4173,3825,-2242,-2589,-7852,-5309,-2359,-15520
2026-06-20,4267,2021,1740,8028,4513,-10573,4644,-1416
2026-06-27,1478,-2775,2798,1501,-18175,-5023,-24006,-47204
2026-07-04,8266,-2173,-1243,4850,-213,-384,46,-551
2026-07-11,1962,10929,7457,20348,7426,5015,-5747,6693
2026-07-18,-1213,-7237,-2561,-11011,-819,-1850,-3141,-5810
2026-07-25,2891,-8101,-411,-5621,9124,-15141,-28824,-34841
2026-08-01,-2764,4779,4247,6262,-3925,5589,-2929,-1266
