date,jpy_per_usd,usd_per_eur,gold_usd,broad_usd,us10,us10_real,us10_breakeven,sofr,iorb,fed_assets,m2,fed_swap_lines,vix,hy_oas,jp10,de10,it10,uk10,ecb_deposit_rate,jpy_per_eur,eurjpy_return,jpy_appreciation_vs_eur,gold_return,broad_usd_return,sofr_minus_iorb_bp,de_jp_10y_bp,us_jp_10y_bp,us_de_10y_bp,btp_bund_bp,uk_bund_bp
2006-01-31,116.88,1.2158,,99.4311,4.53,2.0,2.53,,,828901.0,6728.4,0.0,12.95,,1.547,3.3213636364,3.544,4.0752,1.25,142.102704,0.006864929255219643,-0.006864929255219643,,-0.016812799596120698,,177.43636364000002,298.30000000000007,120.86363636000002,22.263636359999992,75.38363635999997
2006-02-28,115.82,1.1925,,99.7695,4.55,2.02,2.53,,,840555.0,6753.1,0.0,12.34,,1.598,3.4725,3.697,4.1543,1.25,138.11534999999998,-0.017324553644585627,0.017324553644585627,,0.004297505573461535,,187.45000000000002,295.2,107.74999999999997,22.449999999999992,68.17999999999999
2006-03-31,117.48,1.2139,,100.56,4.86,2.35,2.51,,,833675.0,6766.9,0.0,11.39,,1.759,3.6373913043,3.923,4.3177,1.5,142.608972,0.029811408818878782,-0.029811408818878782,,0.003612453595429166,,187.83913043,310.1,122.26086957000004,28.560869570000015,68.03086957000004
2006-04-30,113.79,1.2624,,98.1412,5.07,2.39,2.68,,,844572.0,6806.3,0.0,11.59,,1.956,3.895,4.222,4.5177,1.5,143.648496,0.01355092808946523,-0.01355092808946523,,-0.015686167980124566,,193.9,311.40000000000003,117.50000000000003,32.70000000000004,62.26999999999996
2006-05-31,112.26,1.2833,,97.7705,5.12,2.48,2.64,,,851580.0,6815.7,0.0,16.44,,1.849,3.9627272727,4.285,4.6488,1.5,144.06325800000002,0.0140084676140253,-0.0140084676140253,,-0.005682350378521939,,211.37272727000004,327.09999999999997,115.72727273000001,32.22727273000001,68.60727272999996
2006-06-30,114.51,1.2779,,98.2483,5.15,2.54,2.61,,,844436.0,6854.0,0.0,13.08,,1.901,3.9604545455,4.295,4.6645,1.75,146.33232900000002,0.012380677039222299,-0.012380677039222299,,0.0050030181034470544,,205.94545455000005,324.90000000000003,118.95454545000001,33.45454544999997,70.40454545000001
2006-07-31,114.44,1.2764,,97.9996,4.99,2.41,2.58,,,841552.0,6896.1,0.0,14.95,,1.927,4.01,4.306,4.656,1.75,146.071216,0.003546467027509159,-0.003546467027509159,,-0.008790935811229694,,208.29999999999998,306.3,98.00000000000004,29.600000000000026,64.6
2006-08-31,117.35,1.2793,,97.644,4.74,2.24,2.5,,,850925.0,6926.4,0.0,12.31,,1.668,3.8839130435,4.171,4.6535,2.0,150.125855,0.013949736789145462,-0.013949736789145462,,-0.0003670794158283641,,221.59130435000006,307.2,85.60869565,28.708695650000003,76.95869565
2006-09-30,117.99,1.2687,,98.1054,4.64,2.27,2.37,,,849971.0,6952.8,0.0,11.98,,1.628,3.7538095238,4.036,4.5522,2.0,149.69391299999998,0.0007411095015470437,-0.0007411095015470437,,0.002582062917570127,,212.58095238,301.19999999999993,88.61904761999995,28.219047619999937,79.83904761999997
2006-10-31,116.82,1.2773,,97.3901,4.61,2.34,2.27,,,852648.0,7002.1,0.0,11.1,,1.718,3.7877272727,4.07,4.6155,2.25,149.214186,-0.00030003406208933825,0.00030003406208933825,,-0.008325486182274133,,206.97272727000004,289.20000000000005,82.22727273000001,28.22727273000001,82.77727272999998
2006-11-30,115.55,1.3261,,96.5779,4.46,2.16,2.3,,,856671.0,7037.3,0.0,10.91,,1.69,3.7140909091,3.97,4.5452,2.25,153.230855,0.008023481409668243,-0.008023481409668243,,-0.012306077233774637,,202.40909090999997,277.0,74.59090909000001,25.590909090000036,83.11090909000005
2006-12-31,119.02,1.3197,,97.0312,4.71,2.41,2.3,,,869988.0,7079.3,0.0,11.56,,1.645,3.7705263158,4.038,4.6195,2.5,157.070694,0.015009196876818898,-0.015009196876818898,,0.0025526852500306063,,212.55263158000002,306.5,93.94736841999998,26.747368420000008,84.89736842000002
2007-01-31,121.02,1.2998,,97.964,4.83,2.4,2.43,,,865730.0,7115.6,0.0,10.42,,1.705,4.0168181818,4.263,4.8694,2.5,157.301796,-0.011651018380818279,0.011651018380818279,,0.0064778973399413076,,231.18181817999996,312.5,81.31818182000004,24.618181820000018,85.25818182
2007-02-28,118.33,1.323,,97.2386,4.56,2.2,2.36,,,877409.0,7131.9,0.0,15.42,,1.64,4.049,4.28,4.896,2.5,156.55059,0.0009153575186804375,-0.0009153575186804375,,-0.009194406253739906,,240.90000000000006,292.0,51.09999999999992,23.099999999999987,84.69999999999996
2007-03-31,117.56,1.3374,,96.3183,4.65,2.21,2.44,,,869803.0,7164.7,0.0,14.64,,1.629,3.9409090909,4.176,4.8194,2.75,157.224744,0.009180463660148241,-0.009180463660148241,,-0.011523443127929411,,231.19090909,302.1,70.90909091000003,23.50909091000002,87.84909091
2007-04-30,119.44,1.366,,94.8365,4.63,2.2,2.43,,,879686.0,7239.9,0.0,14.22,,1.653,4.1521052632,4.37,5.0439,2.75,163.15504,0.03327906564220928,-0.03327906564220928,,-0.01258871162819375,,249.91052632,297.7,47.78947367999997,21.789473679999993,89.17947367999997
2007-05-31,121.76,1.3453,,94.3215,4.9,2.54,2.36,,,876986.0,7257.1,0.0,13.05,,1.733,4.279047619,4.49,5.1458,2.75,163.803728,-0.0026704880132966125,0.0026704880132966125,,-0.001669409334615679,,254.6047619,316.70000000000005,62.09523810000004,21.095238100000024,86.67523810000004
2007-06-30,123.39,1.352,,94.1393,5.03,2.65,2.38,,,865105.0,7290.6,0.0,16.23,,1.903,4.5604761905,4.772,5.4321,3.0,166.82328,0.013966729972072045,-0.013966729972072045,,0.0006020171558063225,,265.74761905,312.70000000000005,46.952380950000006,21.152380950000005,87.16238095
2007-07-31,119.13,1.3711,,93.4264,4.78,2.44,2.34,,,863890.0,7321.8,0.0,23.52,,1.809,4.505,4.76,5.4084,3.0,163.33914299999998,-0.022935920279067545,0.022935920279067545,,-0.0006673228721565394,,269.59999999999997,297.1,27.500000000000036,25.49999999999999,90.34000000000005
2007-08-31,115.83,1.3641,,93.6674,4.54,2.34,2.2,,,872873.0,7397.0,0.0,23.38,,1.577,4.2965217391,4.584,5.1499,3.0,158.003703,-0.03321015109217651,0.03321015109217651,,0.003544685346433596,,271.95217391,296.3,24.34782608999999,28.74782608999995,85.33782608999996
2007-09-30,114.97,1.4219,,90.9446,4.59,2.27,2.32,,,889900.0,7413.8,0.0,18.0,,1.698,4.226,4.574,4.9928,3.0,163.475843,0.041308347302247306,-0.041308347302247306,,-0.02920634930103727,,252.8,289.2,36.39999999999999,34.79999999999998,76.67999999999999
2007-10-31,115.27,1.4468,,89.1389,4.48,2.14,2.34,,,883385.0,7429.0,0.0,18.53,,1.616,4.2826086957,4.591,4.9576,3.0,166.772636,0.020082533190321605,-0.020082533190321605,,-0.022531280838044232,,266.66086956999993,286.40000000000003,19.739130430000085,30.83913043000006,67.49913043000006
2007-11-30,111.02,1.4688,,89.6212,3.97,1.63,2.34,,,879417.0,7454.0,0.0,22.87,,1.497,4.0890909091,4.449,4.7263,3.0,163.066176,-0.0038445790586960626,0.0038445790586960626,,0.0041597698827393614,,259.20909091000004,247.29999999999998,-11.909090910000009,35.99090908999996,63.72090908999999
2007-12-31,111.71,1.4603,,89.6304,4.04,1.73,2.31,,,890662.0,7482.7,14000.0,22.5,,1.526,4.2058823529,4.538,4.6937,3.0,163.130113,0.01911545129043901,-0.01911545129043901,,-0.0009886191930750243,,267.98823529,251.40000000000003,-16.588235289999975,33.21176471000005,48.78176471
2008-01-31,106.74,1.4841,,88.6547,3.67,1.33,2.34,,,900264.0,7513.6,24000.0,26.2,,1.429,4.0277272727,4.399,4.4925,3.0,158.412834,-0.018260209204275846,0.018260209204275846,,-0.009174609456477079,,259.87272727,224.09999999999997,-35.772727270000004,37.12727273,46.477272729999974
2008-02-29,104.19,1.5187,,87.1654,3.53,1.1,2.43,,,893825.0,7600.3,10000.0,26.54,,1.429,3.9528571429,4.354,4.6234,3.0,158.233353,-0.008635099518730094,0.008635099518730094,,-0.01488394475306265,,252.38571428999998,210.1,-42.28571429000003,40.11428571,67.05428571
2008-03-31,99.85,1.5805,,86.6881,3.45,1.11,2.34,,,893965.0,7664.9,0.0,25.61,,1.245,3.7994736842,4.377,4.445,3.0,157.81292499999998,0.018001472477470415,-0.018001472477470415,,-0.007251490252585313,,255.44736842,220.5,-34.94736841999999,57.75263157999997,64.55263158000002
2008-04-30,104.53,1.5568,,86.8907,3.77,1.5,2.27,,,888131.0,7711.4,36000.0,20.79,,1.6,4.04,4.532,4.6432,3.0,162.732304,0.02421555438372991,-0.02421555438372991,,0.0065156902744618606,,244.0,217.0,-27.0,49.2,60.32000000000002
2008-05-31,105.46,1.556,,86.5504,4.06,1.58,2.48,,,904054.0,7728.3,62000.0,17.83,,1.778,4.2019047619,4.703,4.8683,3.0,164.09575999999998,-0.012987345992138799,0.012987345992138799,,3.5628377843544e-05,,242.39047619,228.19999999999996,-14.190476190000023,50.10952381000004,66.63952380999999
2008-06-30,106.17,1.5748,,86.7621,3.99,1.48,2.51,,,892713.0,7747.3,62000.0,23.95,,1.601,4.5204761905,5.106,5.2103,3.0,167.196516,0.019391324484092642,-0.019391324484092642,,-0.0004581517699540072,,291.94761905,238.90000000000003,-53.047619049999994,58.55238094999997,68.98238094999999
2008-07-31,108.1,1.5589,,86.8567,3.99,1.65,2.34,,,918625.0,7794.9,62000.0,22.94,,1.537,4.4904347826,5.095,5.0494,3.25,168.51709,0.0019517938431032889,-0.0019517938431032889,,0.0012515020276637756,,295.34347826000004,245.30000000000004,-50.043478260000015,60.456521739999936,55.89652174
2008-08-31,108.69,1.4669,,90.0567,3.83,1.68,2.15,,,909982.0,7808.8,67000.0,20.65,,1.431,4.2023809524,4.814,4.7267,3.25,159.437361,-0.047253515484645625,0.047253515484645625,,0.032513010438011136,,277.13809524000004,239.9,-37.238095240000035,61.16190475999996,52.431904759999966
2008-09-30,105.94,1.4081,,92.3773,3.85,2.25,1.6,,,1211825.0,7873.6,141900.0,39.39,,1.481,4.0940909091,4.804,4.5701,3.25,149.17411399999997,-0.029195601753289502,0.029195601753289502,,0.020573965814252304,,261.30909091,236.89999999999998,-24.40909091000001,70.99090909,47.60090908999999
2008-10-31,98.28,1.2682,,99.7662,4.01,3.14,0.87,,,1969086.0,7976.3,498860.0,59.89,,1.486,3.8834782609,4.78,4.5789,3.25,124.638696,-0.13832813854847092,0.13832813854847092,,0.05075995380085274,,239.74782609,252.4,12.652173909999975,89.65217391000002,69.54217390999999
2008-11-30,95.46,1.2694,,101.6468,2.93,2.6,0.33,,,2106117.0,8027.8,475435.0,55.84,,1.377,3.5565,4.743,4.2571,2.75,121.176924,-0.028029087958147514,0.028029087958147514,,0.039469282144640516,,217.95,155.3,-62.650000000000006,118.65,70.06000000000002
2008-12-31,90.79,1.3919,,98.6518,2.25,2.14,0.11,,,2239457.0,8203.0,553728.0,40.0,,1.214,3.0478947368,4.469,3.6238,2.0,126.37060100000001,-0.006433720037042789,0.006433720037042789,,-0.002707738941022164,,183.38947368,103.60000000000001,-79.78947368,142.11052632000002,57.59052632000001
2009-01-31,89.83,1.2804,,102.1169,2.87,1.73,1.14,,,1927082.0,8284.2,465672.0,44.84,,1.272,3.070952381,4.621,3.6699,1.0,115.018332,-0.07269110870678208,0.07269110870678208,,0.021941411545025602,,179.8952381,159.8,-20.095238100000003,155.00476190000003,59.894761900000006
2009-02-28,97.74,1.2662,,104.9284,3.02,2.06,0.96,,,1916115.0,8314.7,374947.0,46.35,,1.277,3.1275,4.536,3.6899,1.0,123.758388,0.07125008026962654,-0.07125008026962654,,0.019549879144166837,,185.05,174.3,-10.749999999999993,140.84999999999997,56.24000000000002
2009-03-31,99.15,1.3261,,102.3761,2.71,1.43,1.28,,,2071556.0,8380.5,327778.0,44.14,,1.323,3.0195454545,4.458,3.2497,0.5,131.48281500000002,0.06224334016362043,-0.06224334016362043,,-0.04089438917339283,,169.65454544999997,138.7,-30.954545449999983,143.84545455000003,23.01545455
2009-04-30,98.76,1.3244,,100.1042,3.16,1.69,1.47,,,2066712.0,8390.2,249513.0,36.5,,1.402,3.133,4.356,3.4072,0.25,130.79774400000002,0.01488776667587377,-0.01488776667587377,,-0.034878105337728726,,173.10000000000002,175.8,2.7000000000000135,122.29999999999998,27.42
2009-05-31,95.55,1.4126,,95.268,3.47,1.67,1.8,,,2080115.0,8452.9,181647.0,28.92,,1.481,3.371,4.415,3.6206,0.25,134.97393,0.019503388340956107,-0.019503388340956107,,-0.03633792947531589,,189.0,198.9,9.90000000000002,104.4,24.960000000000004
2009-06-30,96.42,1.402,,96.3761,3.53,1.78,1.75,,,2025571.0,8462.9,119430.0,26.35,,1.363,3.4736363636,4.606,3.7221,0.25,135.18084,0.01681205066561997,-0.01681205066561997,,-0.008813269226900289,,211.06363635999998,216.7,5.636363639999997,113.23636364000001,24.846363640000035
2009-07-31,94.54,1.4279,,94.2526,3.52,1.71,1.81,,,2000547.0,8467.3,87738.0,25.92,,1.386,3.337826087,4.373,3.8238,0.25,134.993666,-0.011297187835445754,0.011297187835445754,,-0.018704729223187222,,195.1826087,213.40000000000003,18.217391300000017,103.51739130000004,48.597391300000005
2009-08-31,92.82,1.4354,,94.6202,3.4,1.76,1.64,,,2074902.0,8466.2,60210.0,26.01,,1.314,3.3052380952,4.116,3.7142,0.25,133.233828,-0.002254533717627183,0.002254533717627183,,0.001387074772163821,,199.12380952,208.6,9.47619047999999,81.07619047999997,40.896190479999994
2009-09-30,89.49,1.463,,93.1907,3.31,1.56,1.75,,,2141020.0,8462.7,56756.0,25.61,,1.258,3.2631818182,4.088,3.6566,0.25,130.92387,-0.03244030585238278,0.03244030585238278,,-0.01094245218867762,,200.51818182,205.20000000000002,4.681818179999997,82.48181818,39.34181818
2009-10-31,90.5,1.4755,,92.6207,3.41,1.41,2.0,,,2161537.0,8489.2,32930.0,30.69,,1.404,3.2090909091,4.101,3.5699,0.25,133.53275,0.009111398600876619,-0.009111398600876619,,0.0009606745121528704,,180.50909091,200.60000000000002,20.090909090000018,89.19090909,36.08090909000001
2009-11-30,86.12,1.4994,,91.3717,3.21,1.13,2.08,,,2206359.0,8517.9,25811.0,24.51,,1.253,3.2171428571,4.057,3.7592,0.25,129.128328,-0.03954500107826053,0.03954500107826053,,-0.001964107681181382,,196.41428571,195.70000000000002,-0.7142857099999844,83.98571429000006,54.20571429
2009-12-31,93.08,1.4332,,92.9124,3.85,1.48,2.37,,,2234067.0,8510.6,10272.0,21.68,,1.272,3.1385,4.007,3.8871,0.25,133.402256,0.036869286969595017,-0.036869286969595017,,0.018298716476601307,,186.65,257.8,71.15,86.84999999999997,74.86000000000001
2010-01-31,90.38,1.387,,93.7638,3.63,1.3,2.33,,,2246886.0,8473.1,175.0,24.62,,1.308,3.2575,4.078,4.0025,0.25,125.35705999999999,-0.06252455409243485,0.06252455409243485,,0.01933620286889859,,194.95,232.20000000000002,37.25000000000001,82.05000000000004,74.50000000000006
2010-02-28,88.84,1.366,,93.6602,3.61,1.48,2.13,,,2286127.0,8523.4,0.0,19.5,,1.295,3.17,4.047,4.0624,0.25,121.35544000000002,-0.055389638852643586,0.055389638852643586,,0.013660655371432462,,187.5,231.5,43.99999999999999,87.69999999999997,89.24000000000004
2010-03-31,93.4,1.3526,,92.8987,3.84,1.6,2.24,,,2307150.0,8519.0,0.0,17.59,,1.361,3.102173913,3.945,4.0915,0.25,126.33284,0.052472957899545314,-0.052472957899545314,,-0.009511625682748992,,174.1173913,247.9,73.78260869999997,84.28260869999997,98.93260869999997
2010-04-30,94.24,1.3302,,92.8423,3.69,1.29,2.4,,,2330472.0,8554.3,0.0,22.05,,1.286,3.0645,3.996,4.1007,0.25,125.358048,-0.00968455858940409,0.00968455858940409,,0.002492810023595915,,177.84999999999997,240.39999999999998,62.55000000000002,93.15000000000002,103.62
2010-05-31,90.81,1.2369,,96.3062,3.31,1.32,1.99,,,2334041.0,8612.0,1242.0,32.07,,1.257,2.7342857143,3.985,3.7772,0.25,112.32288900000002,-0.11872096649920838,0.11872096649920838,,0.03283264879318892,,147.72857143,205.29999999999998,57.571428570000016,125.07142857,104.29142857000002
2010-06-30,88.49,1.2291,,95.9934,2.97,1.15,1.82,,,2330851.0,8631.0,1245.0,34.54,,1.08,2.5431818182,4.102,3.6007,0.25,108.763059,-0.047245710449137945,0.047245710449137945,,0.004658366469622699,,146.31818181999998,189.0,42.68181818000003,155.88181818000004,105.75181817999999
2010-07-31,86.43,1.3069,,93.2793,2.94,1.14,1.8,,,2325298.0,8642.3,1246.0,23.5,,1.075,2.6159090909,4.026,3.5087,0.25,112.95536700000001,0.023774609085315923,-0.023774609085315923,,-0.022957949745228134,,154.09090909,186.5,32.40909091000002,141.00909091,89.27909091000004
2010-08-31,84.1,1.2704,,94.7204,2.47,0.95,1.52,,,2301015.0,8690.5,39.0,26.05,,1.023,2.35,3.802,3.233,0.25,106.84064,-0.04454271214518091,0.04454271214518091,,0.018532767181926424,,132.70000000000002,144.70000000000002,12.00000000000001,145.2,88.3
2010-09-30,83.53,1.3601,,91.3415,2.53,0.75,1.78,,,2298691.0,8719.6,61.0,23.7,,0.898,2.3004545455,3.862,3.1271,0.25,113.609153,0.07625854951781275,-0.07625854951781275,,-0.0302186609669155,,140.24545455,163.19999999999996,22.954545449999976,156.15454545,82.66454544999999
2010-10-31,80.48,1.3894,,90.0935,2.63,0.5,2.13,,,2295392.0,8769.8,60.0,21.2,,0.903,2.3457142857,3.8,3.0685,0.25,111.818912,0.003833355408959349,-0.003833355408959349,,-0.013372277011900024,,144.27142857,172.7,28.42857142999997,145.42857142999998,72.27857142999996
2010-11-30,83.56,1.3036,,92.1494,2.81,0.74,2.07,,,2346001.0,8790.3,60.0,23.54,,1.161,2.5327272727,4.184,3.311,0.25,108.92881600000001,-0.0025215552900252902,0.0025215552900252902,,0.003006397933289051,,137.17272727,164.9,27.727272730000017,165.12727273000002,77.82727273
2010-12-31,81.67,1.3269,,90.5146,3.3,1.0,2.3,,,2420570.0,8822.0,75.0,17.75,,1.133,2.9147619048,4.603,3.6098,0.25,108.367923,-0.0005730962043974941,0.0005730962043974941,,-0.014800894733023817,,178.17619048000003,216.7,38.523809519999965,168.82380951999997,69.50380951999998
2011-01-31,81.97,1.3715,,89.694,3.42,1.08,2.34,,,2443527.0,8844.5,70.0,19.53,,1.213,3.0166666667,4.729,3.7273,0.25,112.421855,0.021986803849162406,-0.021986803849162406,,0.0027298586910191602,,180.36666666999997,220.7,40.33333333,171.23333333000002,71.06333333
2011-02-28,81.94,1.3793,,88.9391,3.42,1.03,2.39,,,2533221.0,8909.9,70.0,18.35,,1.241,3.199,4.736,3.8799,0.25,113.019842,0.007547875020207151,-0.007547875020207151,,-0.008194032261460649,,195.79999999999998,217.89999999999998,22.10000000000001,153.7,68.09000000000003
2011-03-31,82.76,1.4183,,88.0299,3.47,0.99,2.48,,,2622523.0,8967.7,0.0,17.74,,1.214,3.2117391304,4.875,3.7386,0.25,117.378508,0.02804064132932016,-0.02804064132932016,,-0.006596277673667217,,199.77391304,225.60000000000002,25.82608696000004,166.32608696000003,52.68608696000001
2011-04-30,81.31,1.4821,,85.5999,3.32,0.75,2.57,,,2690985.0,9033.6,0.0,14.75,,1.215,3.3405263158,4.841,3.7619,0.5,120.509551,0.05279394786297509,-0.05279394786297509,,-0.03392247039504337,,212.55263158000002,210.49999999999994,-2.0526315800000194,150.04736842000003,42.13736841999997
2011-05-31,81.29,1.4376,,86.656,3.05,0.8,2.25,,,2774996.0,9109.4,0.0,15.45,,1.118,3.0609090909,4.756,3.5053,0.5,116.862504,-0.03149302469142956,0.03149302469142956,,0.006518874031777422,,194.29090908999999,193.19999999999996,-1.0909090900000251,169.50909091000003,44.439090910000004
2011-06-30,80.64,1.4523,,86.4786,3.18,0.75,2.43,,,2865251.0,9184.2,0.0,16.52,,1.084,2.8909090909,4.816,3.4144,0.5,117.113472,-0.010726407036393937,0.010726407036393937,,-0.002665482000945296,,180.69090909000002,209.60000000000002,28.909090910000003,192.50909090999997,52.349090909999994
2011-07-31,77.18,1.4388,,85.7282,2.82,0.38,2.44,,,2863576.0,9346.9,0.0,25.25,,1.075,2.7438095238,5.463,3.3137,0.75,111.04658400000001,-0.026462479398359662,0.026462479398359662,,-0.019385726883043297,,166.88095238,174.5,7.619047619999986,271.91904762,56.98904761999999
2011-08-31,76.5,1.4406,,86.7739,2.23,0.18,2.05,,,2853888.0,9532.5,0.0,31.62,,1.023,2.2134782609,5.271,2.7833,0.75,110.20590000000001,-0.008347019330592786,0.008347019330592786,,0.012319926406762605,,119.04782609000002,120.7,1.6521739099999877,305.75217390999995,56.98217391
2011-09-30,77.04,1.3449,,91.9998,1.92,0.17,1.75,,,2850921.0,9553.3,500.0,42.96,,0.975,1.8290909091,5.746,2.504,0.75,103.611096,-0.03627937198469322,0.03627937198469322,,0.03415653076777403,,85.40909091,94.5,9.090909089999988,391.69090909000005,67.49090909
2011-10-31,77.97,1.3947,,89.2053,2.17,0.08,2.09,,,2845685.0,9586.2,1853.0,29.96,,1.038,2.0023809524,5.972,2.529,0.75,108.744759,0.05239939799376536,-0.05239939799376536,,-0.035057414087313,,96.43809523999998,113.19999999999999,16.761904760000014,396.96190476000004,52.66190476000001
2011-11-30,77.58,1.3453,,91.4728,2.08,0.03,2.05,,,2814235.0,9639.5,2401.0,27.8,,1.062,1.8740909091,7.057,2.2917,0.5,104.36837399999999,-0.041099281724046755,0.041099281724046755,,0.021666872100165158,,81.20909090999999,101.8,20.59090909000001,518.2909090900001,41.76090909000001
2011-12-31,76.98,1.2973,,92.4262,1.89,-0.07,1.96,,,2926095.0,9683.5,99823.0,23.4,,0.971,1.9276190476,6.812,2.1828,0.25,99.866154,-0.040719636629950706,0.040719636629950706,,0.004436853918669215,,95.66190476,91.89999999999999,-3.761904760000001,488.43809524000005,25.518095239999994
2012-01-31,76.34,1.3053,,90.5538,1.83,-0.28,2.11,,,2919545.0,9753.3,103171.0,19.44,,0.959,1.8209090909,6.537,2.1104,0.25,99.646602,-0.0031495707896436187,0.0031495707896436187,,-0.006019484293866562,,86.19090909,87.10000000000001,0.9090909099999989,471.60909091,28.949090909999974
2012-02-29,81.1,1.3359,,89.7487,1.98,-0.28,2.26,,,2925722.0,9806.3,107763.0,18.43,,0.962,1.8519047619,5.546,2.2191,0.25,108.34149,0.07724462466742121,-0.07724462466742121,,-0.00408286301130012,,88.99047619,101.8,12.809523810000002,369.40952381,36.71952381000001
2012-03-31,82.41,1.3334,,90.4593,2.23,-0.09,2.32,,,2878137.0,9849.3,65068.0,15.5,,0.966,1.8304545455,5.049,2.323,0.25,109.885494,0.0001893076228309809,-0.0001893076228309809,,0.009560474617753556,,86.44545455000001,126.4,39.95454544999999,321.85454545,49.25454544999999
2012-04-30,79.81,1.3229,,90.3634,1.95,-0.3,2.25,,,2866561.0,9905.0,31971.0,17.15,,0.914,1.6242105263,5.676,2.2117,0.25,105.580649,-0.00442570011540333,0.00442570011540333,,-0.004355682557339868,,71.02105262999999,103.60000000000001,32.57894737,405.17894737000006,58.74894737
2012-05-31,78.29,1.2364,,94.6856,1.59,-0.5,2.09,,,2842654.0,9951.9,22168.0,24.06,,0.846,1.3368181818,5.783,1.9416,0.25,96.797756,-0.07800983905028769,0.07800983905028769,,0.04208067331299148,,49.081818180000006,74.4,25.318181820000007,444.61818182,60.478181819999996
2012-06-30,79.81,1.2668,,92.9096,1.67,-0.46,2.13,,,2863547.0,10023.7,27059.0,17.08,,0.789,1.3004761905,5.904,1.7698,0.25,101.103308,0.05270950941190922,-0.05270950941190922,,-0.019304980778848346,,51.147619049999996,88.1,36.95238095,460.35238095000005,46.93238095000001
2012-07-31,78.1,1.2315,,92.8422,1.51,-0.69,2.2,,,2846757.0,10076.0,27232.0,18.93,,0.78,1.2422727273,5.996,1.6523,0.0,96.18015,-0.001737002554751399,0.001737002554751399,,-0.012601995542746103,,46.22727273,73.0,26.772727269999997,475.3727272700001,41.00272727000001
2012-08-31,78.3,1.2578,,92.1677,1.57,-0.68,2.25,,,2812806.0,10147.8,25683.0,17.47,,0.8,1.3417391304,5.822,1.6735,0.0,98.48573999999999,0.022114033290772106,-0.022114033290772106,,-0.00580200785241658,,54.17391303999999,77.0,22.826086960000012,448.02608696000004,33.176086960000006
2012-09-30,77.92,1.2856,,90.8342,1.65,-0.77,2.42,,,2804457.0,10228.4,14693.0,15.73,,0.757,1.4905,5.254,1.7222,0.0,100.17395200000001,0.02125763468055908,-0.02125763468055908,,-0.018843144713570403,,73.35,89.3,15.949999999999998,376.34999999999997,23.17
2012-10-31,79.94,1.2958,,91.1609,1.72,-0.78,2.5,,,2823137.0,10294.4,12903.0,18.6,,0.76,1.4669565217,4.953,1.7721,0.0,103.586252,0.03239257789070571,-0.03239257789070571,,-0.0009378761704814664,,70.69565217,96.0,25.304347829999998,348.60434783,30.51434783
2012-11-30,82.54,1.301,6912.03,91.1038,1.62,-0.79,2.41,,,2851362.0,10365.6,12212.0,15.87,,0.713,1.3359090909,4.851,1.7741,0.0,107.38454,0.030945007622012355,-0.030945007622012355,0.013516852137566815,0.00574591782974565,,62.29090909,90.70000000000002,28.40909091000001,351.50909091,43.81909091
2012-12-31,86.64,1.3186,6680.5,91.0834,1.78,-0.67,2.45,,,2907300.0,10485.4,8889.0,18.02,,0.781,1.2994117647,4.542,1.8467,0.0,114.243504,0.03132038451343444,-0.03132038451343444,-0.03618769649662745,0.0012071670237645549,,51.84117647000001,99.9,48.05882353,324.25882353,54.72882352999999
2013-01-31,91.28,1.3584,6649.81,90.798,2.02,-0.57,2.59,,,3008704.0,10502.3,8030.0,14.28,,0.775,1.5122727273,4.208,2.0795,0.0,123.994752,0.09209603756115836,-0.09209603756115836,-0.0068925792917333695,0.0021502391811418775,,73.72727273000001,124.50000000000001,50.77272727,269.57272727000003,56.722727269999986
2013-02-28,92.36,1.3079,6300.75,92.295,1.89,-0.64,2.53,,,3090600.0,10523.0,4194.0,15.51,,0.669,1.5435,4.493,2.1781,0.0,120.797644,-0.02689900224991071,0.02689900224991071,-0.0495763653429826,0.010272567965547097,,87.45,122.09999999999998,34.64999999999998,294.95000000000005,63.46000000000001
2013-03-31,94.16,1.2816,6353.37,92.302,1.87,-0.64,2.51,,,3202256.0,10578.7,8265.0,12.7,,0.492,1.3545,4.64,1.9768,0.0,120.675456,0.01924002583804807,-0.01924002583804807,0.005903601902868871,-0.003028235420868164,,86.25,137.8,51.550000000000004,328.55,62.22999999999998
2013-04-30,97.52,1.3168,5868.48,91.3741,1.7,-0.64,2.34,,,3318649.0,10608.9,7552.0,13.52,,0.589,1.1961904762,4.278,1.7824,0.0,128.414336,0.053140663383530296,-0.053140663383530296,-0.005999169057810505,-0.010512141725227409,,60.71904762,111.1,50.38095238,308.18095237999995,58.620952380000006
2013-05-31,100.83,1.2988,5527.6,93.6076,2.16,-0.05,2.21,,,3385128.0,10646.5,1771.0,16.3,,0.879,1.2940909091,3.964,1.9462,0.0,130.958004,0.011308567931863855,-0.011308567931863855,-0.07309880186310025,0.02057980387033531,,41.50909090999999,128.10000000000002,86.59090909000003,266.99090909,65.21090909
2013-06-30,99.21,1.301,4932.91,94.3047,2.52,0.53,1.99,,,3478672.0,10705.6,1480.0,16.86,,0.822,1.5305,4.379,2.3063,0.0,129.07220999999998,-0.029973099495953726,0.029973099495953726,-0.11778463208267453,0.005096924440274542,,70.85000000000001,169.79999999999998,98.95,284.84999999999997,77.57999999999998
2013-07-31,98.35,1.3282,5146.18,93.5703,2.6,0.38,2.22,,,3571797.0,10743.0,1479.0,13.45,,0.79,1.5656521739,4.418,2.471,0.0,130.62847,0.00487767498402647,-0.00487767498402647,0.015126661440227451,-0.00808008027683993,,77.56521739,181.0,103.43478261000001,285.23478260999997,90.53478261000001
2013-08-31,98.22,1.3196,5209.52,94.7541,2.78,0.68,2.1,,,3644456.0,10803.6,321.0,17.01,,0.708,1.735,4.419,2.7088,0.0,129.61111200000002,-0.0065461292104131985,0.0065461292104131985,0.02674510053067003,0.00742759176064034,,102.70000000000002,207.20000000000002,104.49999999999997,268.3999999999999,97.38
2013-09-30,98.29,1.3535,5071.32,92.9207,2.64,0.45,2.19,,,3734018.0,10865.8,263.0,16.6,,0.669,1.8880952381,4.541,2.8443,0.0,133.035515,0.009141262410511608,-0.009141262410511608,0.0022014087309685237,-0.014500198492203964,,121.90952381,197.10000000000002,75.19047619000001,265.29047619000005,95.62047619
2013-10-31,98.1,1.3594,5056.32,92.731,2.57,0.4,2.17,,,3843396.0,10989.2,272.0,13.75,,0.59,1.762173913,4.248,2.6784,0.0,133.35714,0.004285038768499838,-0.004285038768499838,-0.010950871098550863,-0.004345948141216915,,117.2173913,198.0,80.78260869999998,248.58260870000004,91.62260869999999
2013-11-30,102.45,1.3606,4785.76,93.6291,2.75,0.6,2.15,,,3925876.0,10999.8,272.0,13.7,,0.605,1.6771428571,4.095,2.7598,0.0,139.39347,0.02409353896971833,-0.02409353896971833,-0.038081756884773554,0.013322697929887717,,107.21428571,214.5,107.28571429,241.78571429,108.26571428999998
2013-12-31,105.25,1.3779,4608.02,93.5576,3.04,0.8,2.24,,,4032575.0,11062.4,273.0,13.72,,0.688,1.7977777778,4.114,2.9458,0.0,145.02397499999998,0.022569821822764347,-0.022569821822764347,-0.005132446672238444,0.004331966061114301,,110.97777778,235.20000000000005,124.22222222,231.62222222,114.80222222000003
2014-01-31,102.28,1.35,4733.34,95.1774,2.67,0.53,2.14,,,4102138.0,11127.5,261.0,18.41,,0.614,1.7559090909,3.866,2.91,0.0,138.078,-0.027369888924702934,0.027369888924702934,0.02097982717969238,0.013350433719408805,,114.19090909,205.6,91.40909091,211.00909091000003,115.40909091000002
2014-02-28,102.08,1.3806,4907.39,94.3879,2.66,0.49,2.17,,,4159972.0,11191.9,360.0,14.0,,0.586,1.5585,3.651,2.8147,0.0,140.931648,0.02109320945674753,-0.02109320945674753,0.01917661499865808,-0.0015730873043899862,,97.25,207.40000000000003,110.15000000000002,209.24999999999997,125.62000000000002
2014-03-31,102.98,1.3777,4640.38,94.2432,2.73,0.6,2.13,,,4226971.0,11228.8,459.0,13.88,,0.605,1.5085714286,3.399,2.7837,0.0,141.87554599999999,0.014931829596669388,-0.014931829596669388,-0.02185892174604298,-0.0035276388280554016,,90.35714286000001,212.5,122.14285713999999,189.04285714,127.51285714000001
2014-04-30,102.14,1.387,4629.4,93.8896,2.67,0.49,2.18,,,4296049.0,11276.0,300.0,13.41,,0.61,1.4565,3.228,2.7417,0.0,141.66818,-0.0013209794582431655,0.0013209794582431655,0.003354383462960797,-0.004618032943615624,,84.64999999999999,206.0,121.35000000000001,177.15000000000003,128.51999999999998
2014-05-31,101.77,1.364,4474.31,93.7606,2.48,0.26,2.22,,,4322654.0,11343.1,174.0,11.4,,0.566,1.3271428571,3.123,2.6989,0.0,138.81428,-0.022397459074527504,0.022397459074527504,-0.02255237789588449,-0.0007302280333965072,,76.11428570999999,191.4,115.28571429,179.58571429000003,137.17571429000003
2014-06-30,101.28,1.369,4636.38,93.2058,2.53,0.27,2.26,,,4368348.0,11398.4,124.0,11.57,,0.536,1.2642857143,2.92,2.7842,-0.1,138.65232,-0.0035630188808006835,0.0035630188808006835,0.04375022251183225,-0.005060448804563578,,72.82857142999998,199.39999999999998,126.57142857,165.57142857,151.99142856999998
2014-07-31,102.75,1.339,4485.0,94.4467,2.58,0.29,2.29,,,4406637.0,11452.5,75.0,16.95,,0.527,1.1143478261,2.794,2.7343,-0.1,137.58225,-0.00909428954721303,0.00909428954721303,-0.013550688548910728,0.013169283008041432,,58.73478260999999,205.29999999999998,146.56521739000002,167.96521739000002,161.99521739000002
2014-08-31,104.0,1.315,4512.14,94.7251,2.35,0.23,2.12,,,4413736.0,11477.8,77.0,11.98,,0.488,0.9561904762,2.633,2.5347,-0.1,136.76,-0.003226248227642614,0.003226248227642614,0.02085828073750129,0.003804663824041654,,46.81904762,186.20000000000002,139.38095238000002,167.68095238,157.85095238
2014-09-30,109.66,1.2628,4210.06,97.5261,2.52,0.55,1.97,,,4459050.0,11520.7,23.0,16.31,,0.497,0.9213636364,2.4,2.4919,-0.2,138.478648,-0.0016305449175622044,0.0016305449175622044,-0.03217694290325035,0.020318159393964308,,42.436363639999996,202.3,159.86363636000002,147.86363636,157.05363635999998
2014-10-31,112.09,1.253,4106.76,98.1163,2.35,0.43,1.92,,,4486754.0,11596.5,0.0,14.03,,0.465,0.7909090909,2.424,2.2469,-0.2,140.44877,0.01498108977664625,-0.01498108977664625,-0.04363656752860301,0.010202497582477044,,32.59090908999999,188.5,155.90909091,163.30909090999998,145.59909091
2014-11-30,118.7,1.2438,4057.1,100.0719,2.18,0.39,1.79,,,4485931.0,11638.9,1.0,13.33,,0.42,0.719,2.29,2.1593,-0.2,147.63906,0.020634868473337065,-0.020634868473337065,0.04214565934078429,0.005362188659971068,,29.9,176.00000000000003,146.10000000000002,157.10000000000002,144.03
2014-12-31,119.85,1.2101,4006.88,102.2843,2.17,0.49,1.68,,,4497660.0,11721.2,1528.0,19.2,,0.33,0.5889473684,1.99,1.9287,-0.2,145.030485,-0.01112789489403987,0.01112789489403987,0.006109602386652924,0.018384941007159483,,25.894736839999993,184.0,158.10526316,140.10526316,133.97526316000003
2015-01-31,117.44,1.129,4197.0,105.5884,1.68,0.03,1.65,,,4500064.0,11806.2,1.0,20.97,,0.275,0.39,1.702,1.589,-0.2,132.58975999999998,-0.08824967307787368,0.08824967307787368,0.029356581537491877,0.014838461302788986,,11.5,140.49999999999997,129.0,131.2,119.89999999999998
2015-02-28,119.72,1.1197,4048.66,105.5981,2.0,0.17,1.83,,,4486725.0,11920.7,3.0,13.34,,0.33,0.302,1.557,1.7365,-0.2,134.05048399999998,0.012148821582021796,-0.012148821582021796,-0.012756157198539952,-0.0006882783866144493,,-2.8000000000000025,167.0,169.79999999999998,125.49999999999999,143.45
2015-03-31,119.96,1.0741,3941.79,107.4396,1.94,0.18,1.76,,,4480603.0,11919.1,3.0,15.29,,0.4,0.2272727273,1.294,1.7941,-0.2,128.849036,-0.05816843932373228,0.05816843932373228,-0.014339930820357338,0.006319032600069718,,-17.27272727,154.0,171.27272727,106.67272727000001,156.68272727000002
2015-04-30,119.86,1.1162,3917.44,105.312,2.05,0.11,1.94,,,4471499.0,11953.4,0.0,14.55,,0.34,0.122,1.357,1.755,-0.2,133.787732,0.03331563890375033,-0.03331563890375033,-0.014500215437701414,-0.02131631295882208,,-21.800000000000004,170.99999999999997,192.79999999999998,123.49999999999999,163.3
2015-05-31,123.98,1.0994,3947.2,106.7388,2.12,0.32,1.8,,,4463981.0,11981.9,2.0,13.84,,0.39,0.5557894737,1.812,2.0243,-0.2,136.303612,0.03292936274962699,-0.03292936274962699,0.01592386877591956,-0.00515951572757789,,16.578947369999998,173.0,156.42105263000002,125.62105263000001,146.85105263000003
2015-06-30,122.1,1.1154,3879.9,106.5191,2.35,0.48,1.87,,,4495055.0,12020.9,115.0,18.23,,0.455,0.7927272727,2.199,2.1696,-0.2,136.19034,-0.0051355313327787755,0.0051355313327787755,-0.00982029290650921,-0.0031793023154076394,,33.77272727,189.5,155.72727273,140.62727273,137.68727273
2015-07-31,123.94,1.1028,3620.47,108.7819,2.2,0.46,1.74,,,4485480.0,12063.5,359.0,12.12,,0.41,0.71,2.042,2.1353,-0.2,136.681032,0.006293766949421631,-0.006293766949421631,-0.030536727914689976,0.01700780593952178,,30.0,179.00000000000003,149.00000000000003,133.2,142.53
2015-08-31,121.26,1.1194,3716.53,110.5621,2.21,0.58,1.63,,,4475105.0,12110.1,134.0,28.43,,0.38,0.6085714286,1.839,1.9799,-0.2,135.738444,0.004128435449794132,-0.004128435449794132,0.028564908289213875,0.015380019763689745,,22.857142860000003,183.0,160.14285714000002,123.04285714000001,137.13285714
2015-09-30,119.81,1.1162,3670.55,111.3311,2.06,0.65,1.41,,,4484111.0,12172.7,681.0,24.5,,0.35,0.6540909091,1.92,1.8814,-0.2,133.73192200000003,-0.005144984176145506,0.005144984176145506,0.005782016760178976,0.003049117382133204,,30.409090910000003,171.0,140.59090909,126.59090909,122.73090909
2015-10-31,120.7,1.1042,3748.85,110.2079,2.16,0.63,1.53,,,4489339.0,12228.4,140.0,15.07,,0.3,0.5181818182,1.696,1.846,-0.2,133.27694000000002,0.0019266155558232967,-0.0019266155558232967,0.02624187503462494,-0.012421665072475108,,21.81818182,186.0,164.18181818000002,117.78181818,132.78181818000002
2015-11-30,123.22,1.0562,3479.7,112.34,2.21,0.62,1.59,,,4477088.0,12322.7,145.0,16.13,,0.3,0.5161904762,1.57,1.9779,-0.2,130.14496400000002,-0.02315875119018962,0.02315875119018962,-0.04998573341578272,0.010781077568568165,,21.619047620000003,191.0,169.38095238,105.38095238,146.17095238
2015-12-31,120.27,1.0859,3465.71,113.3429,2.27,0.73,1.54,,,4486587.0,12393.6,997.0,18.21,,0.27,0.5455,1.579,1.9234,-0.3,130.601193,-0.000538188974939402,0.000538188974939402,0.021655610795979996,0.0006499031152893409,,27.549999999999997,200.0,172.45,103.35000000000001,137.79
2016-01-31,121.05,1.0832,3598.72,115.5731,1.94,0.53,1.41,,,4482349.0,12522.2,102.0,20.2,,0.095,0.4305,1.534,1.7833,-0.3,131.12135999999998,0.0147113576707385,-0.0147113576707385,0.02874415724302004,0.015720087816091244,,33.550000000000004,184.5,150.95000000000002,110.35,135.28000000000003
2016-02-29,112.9,1.0868,3644.1,114.2418,1.74,0.32,1.42,,,4489796.0,12604.4,89.0,20.55,,-0.065,0.1728571429,1.558,1.5032,-0.3,122.69972,-0.04655478815386882,0.04655478815386882,0.03972443263428893,-0.010124802334052774,,23.78571429,180.5,156.71428570999998,138.51428571,133.03428571
2016-03-31,112.42,1.139,3563.95,109.9191,1.78,0.16,1.62,,,4482840.0,12662.2,48.0,13.95,,-0.05,0.1714285714,1.375,1.5434,-0.4,128.04638,0.047542520687469114,-0.047542520687469114,0.006199993857379127,-0.04159775649113939,,22.14285714,183.0,160.85714285999998,120.35714286000001,137.19714286
2016-04-30,106.9,1.1441,3636.47,108.8274,1.83,0.12,1.71,,,4474665.0,12741.9,0.0,15.7,,-0.085,0.1342857143,1.442,1.5688,-0.4,122.30429,-0.03746213450686753,0.03746213450686753,0.0274371364179391,-0.004577328793375024,,21.928571429999998,191.5,169.57142857,130.77142856999998,143.45142857
2016-05-31,110.75,1.1135,3453.97,112.4276,1.84,0.3,1.54,,,4461111.0,12800.7,1006.0,14.19,,-0.12,0.1328571429,1.526,1.5366,-0.4,123.32012499999999,-0.006197481274437422,0.006197481274437422,-0.03214003376480434,0.026054180278628714,,25.28571429,196.0,170.71428571,139.31428571,140.37428570999998
2016-06-30,102.77,1.1032,3657.06,112.1618,1.49,0.09,1.4,,,4466482.0,12849.3,2.0,15.63,,-0.23,-0.0168181818,1.453,1.3105,-0.4,113.37586399999999,-0.07274042991987884,0.07274042991987884,0.06017838518906515,-0.006892655329121311,,21.31818182,172.0,150.68181818,146.98181818,132.73181818
2016-07-31,102.32,1.1168,3623.76,111.874,1.46,-0.03,1.49,,,4464498.0,12907.3,180.0,11.87,,-0.195,-0.1542857143,1.227,0.9569,-0.4,114.27097599999999,-0.001337061359928171,0.001337061359928171,0.014905805921143767,-0.011954870092511172,,4.071428570000002,165.5,161.42857143,138.12857143000002,111.11857142999999
2016-08-31,103.38,1.1146,3481.94,112.4036,1.58,0.11,1.47,,,4457907.0,12986.7,1351.0,13.42,,-0.07,-0.1317391304,1.176,0.7421,-0.4,115.22734799999999,-0.00514309323042017,0.00514309323042017,-0.030490267436928065,0.00033675478509831436,,-6.173913039999998,165.0,171.17391304,130.77391304,87.38391304
2016-09-30,101.21,1.1238,3511.79,112.2795,1.6,0.0,1.6,,,4452002.0,13052.7,291.0,13.29,,-0.085,-0.0840909091,1.266,0.8243,-0.4,113.73979799999998,0.012080962608131074,-0.012080962608131074,-0.0009111553740162037,0.00922746325633561,,0.09090909000000064,168.5,168.40909091,135.00909091,90.83909091
2016-10-31,105.07,1.0962,3365.36,114.0188,1.84,0.11,1.73,,,4454326.0,13124.5,3541.0,17.06,,-0.05,0.002,1.45,1.078,-0.4,115.177734,0.017075437223319057,-0.017075437223319057,-0.03554869062126009,0.014454669615806104,,5.2,189.0,183.8,144.79999999999998,107.60000000000001
2016-11-30,114.34,1.0578,3101.82,117.7636,2.37,0.43,1.94,,,4446307.0,13214.2,1340.0,13.33,,0.02,0.1890909091,1.943,1.3818,-0.4,120.94885200000002,0.03490481914042487,-0.03490481914042487,-0.07564972490424715,0.02522519458498884,,16.909090910000003,235.0,218.09090909000003,175.39090909,119.27090909
2016-12-31,116.78,1.0552,3041.75,118.3466,2.45,0.5,1.95,,,4451451.0,13240.6,4826.0,14.04,,0.04,0.2519047619,1.886,1.4336,-0.4,123.22625599999999,0.010178678607215552,-0.010178678607215552,-0.02372513587206626,0.008239640204919851,,21.19047619,241.0,219.80952381,163.40952381,118.16952381000002
2017-01-31,112.72,1.0794,3172.64,116.2241,2.45,0.4,2.05,,,4452838.0,13318.9,465.0,11.99,,0.085,0.2509090909,1.991,1.4203,-0.4,121.66996799999998,0.03229645578266993,-0.03229645578266993,0.01866812707435983,-0.006733235869451626,,16.59090909,236.50000000000003,219.90909091,174.00909091,116.93909090999999
2017-02-28,112.06,1.0618,3239.91,116.0032,2.36,0.34,2.02,,,4468702.0,13395.2,143.0,12.92,,0.05,0.258,2.352,1.3058,-0.4,118.98530800000002,-0.017798756747425593,0.017798756747425593,0.028939166068774114,-0.007669459380444721,,20.8,231.0,210.2,209.39999999999998,104.78
2017-03-31,111.41,1.0698,3218.31,114.7938,2.4,0.43,1.97,,,4469618.0,13464.6,1007.0,12.37,,0.065,0.3482608696,2.401,1.194,-0.4,119.186418,0.005264161364636699,-0.005264161364636699,-0.0039214141857844,-0.001242375002829199,,28.32608696,233.5,205.17391303999997,205.27391304,84.57391304
2017-04-30,111.44,1.0895,3264.19,114.7877,2.29,0.37,1.92,,,4470142.0,13520.3,80.0,10.82,,0.015,0.2255555556,2.257,1.0789,-0.4,121.41387999999999,0.003951305109860748,-0.003951305109860748,0.009044121337517197,0.004495210286572515,,21.05555556,227.5,206.44444443999998,203.14444444,85.33444444
2017-05-31,110.71,1.1236,3208.05,113.2956,2.21,0.4,1.81,,,4459914.0,13567.4,35.0,10.41,,0.04,0.3363636364,2.194,1.1175,-0.4,124.39375599999998,0.020222116054394057,-0.020222116054394057,0.0014611295792281709,-0.009922576748714107,,29.636363640000003,217.0,187.36363636,185.76363636,78.11363635999999
2017-06-30,112.4,1.1411,3135.66,111.9896,2.31,0.58,1.73,,,4463347.0,13577.0,35.0,11.18,,0.075,0.2504761905,2.053,1.0846,-0.4,128.25964000000002,0.035775062759566545,-0.035775062759566545,-0.004398089427544605,-0.01028008809942449,,17.547619049999994,223.5,205.95238095,180.25238095,83.41238095000001
2017-07-31,110.38,1.1826,3146.95,109.8177,2.3,0.48,1.82,,,4465284.0,13638.5,85.0,10.26,,0.075,0.4557142857,2.231,1.2713,-0.4,130.535388,0.01496564385246213,-0.01496564385246213,0.015506364193473843,-0.02347376344372787,,38.07142857,222.49999999999997,184.42857142999998,177.52857142999997,81.55857143
2017-08-31,110.06,1.1894,3210.27,109.3686,2.12,0.36,1.76,,,4452360.0,13695.0,36.0,10.59,,0.01,0.3460869565,2.11,1.1241,-0.4,130.905364,-0.011563921491040574,0.011563921491040574,0.016365225908012704,-0.0011633452026371671,,33.60869565,211.00000000000003,177.39130435,176.39130434999998,77.80130435000001
2017-09-30,112.64,1.1813,3079.52,110.0867,2.33,0.49,1.84,,,4455661.0,13743.0,37.0,9.51,,0.06,0.3471428571,2.109,1.2436,-0.4,133.061632,0.027524012805961284,-0.027524012805961284,-0.029272145577253994,-0.0032439735349347742,,28.71428571,227.0,198.28571429000002,176.18571429,89.64571429000002
2017-10-31,113.63,1.1648,3040.18,111.8052,2.38,0.5,1.88,,,4461117.0,13801.5,37.0,10.18,,0.065,0.3725,2.074,1.3816,-0.4,132.356224,0.0038988724348829606,-0.0038988724348829606,-0.002432193765727675,0.015413660106735172,,30.75,231.5,200.74999999999997,170.14999999999998,100.90999999999998
2017-11-30,112.3,1.1898,3040.74,110.4648,2.42,0.56,1.86,,,4438592.0,13849.1,35.0,11.28,,0.035,0.3081818182,1.789,1.3299,-0.4,133.61454,0.006942261188159549,-0.006942261188159549,0.004940636647871699,-0.010332236828618946,,27.31818182,238.49999999999997,211.18181818,148.08181818,102.17181818
2017-12-31,112.69,1.2022,3085.85,110.0783,2.4,0.44,1.96,,,4448680.0,13887.3,12008.0,11.04,,0.045,0.2968421053,1.795,1.2781,-0.4,135.47591799999998,0.008039390788287193,-0.008039390788287193,0.014369326294753293,-0.0014254863071245794,,25.18421053,235.5,210.31578946999997,149.81578946999997,98.12578947
2018-01-31,109.31,1.2428,3159.85,106.7696,2.72,0.61,2.11,,,4419225.0,13902.4,673.0,13.54,,0.08,0.4745454545,1.984,1.3931,-0.4,135.850468,0.000590525856702051,-0.000590525856702051,0.018265826611964187,-0.028686289551091093,,39.45454545,264.0,224.54545455000004,150.94545455,91.85545454999999
2018-02-28,106.62,1.2211,3100.4,108.3903,2.87,0.75,2.12,,,4393401.0,13949.8,72.0,19.85,,0.045,0.659,2.081,1.6034,-0.4,130.19368200000002,-0.04923793806999566,0.04923793806999566,-0.014050793576650733,0.009149759515985956,,61.4,282.5,221.10000000000002,142.2,94.44
2018-03-31,106.2,1.232,3119.32,107.4784,2.74,0.69,2.05,,,4392198.0,14014.5,79.0,19.97,,0.045,0.5295238095,1.965,1.508,-0.4,130.8384,-0.006176826536580471,0.006176826536580471,0.005027748249499808,0.003979513779827748,,48.45238095,269.5,221.04761905,143.54761905,97.84761905
2018-04-30,109.28,1.2074,3087.1,109.3363,2.95,0.78,2.17,1.77,,4372886.0,14034.8,82.0,15.93,,0.05,0.48,1.773,1.5108,-0.4,131.944672,0.004569638395187425,-0.004569638395187425,-0.004309700605242384,0.010649636807801066,,43.0,290.00000000000006,247.00000000000003,129.29999999999998,103.08
2018-05-31,108.73,1.167,3037.96,111.9894,2.83,0.76,2.07,1.81,,4327519.0,14091.0,63.0,15.43,,0.03,0.45,2.18,1.5016,-0.4,126.88791,-0.027907128761061273,0.027907128761061273,-0.00587946949657514,0.015021027360497818,,42.00000000000001,280.0,238.0,173.00000000000003,105.16000000000001
2018-06-30,110.71,1.1677,2929.49,113.2586,2.85,0.74,2.11,2.12,,4305491.0,14133.2,90.0,16.09,,0.03,0.3271428571,2.744,1.4229,-0.4,129.27606699999998,0.008631780253356425,-0.008631780253356425,-0.029148014290234947,0.010074723903124472,,29.71428571,282.0,252.28571429,241.68571429000002,109.57571429000001
2018-07-31,111.88,1.1706,2855.88,112.7299,2.96,0.84,2.12,1.93,,4277681.0,14170.0,122.0,12.83,,0.06,0.2745454545,2.643,1.3739,-0.4,130.96672800000002,0.007359050003350021,-0.007359050003350021,-0.010402122276974346,-0.00666394635272205,,21.45454545,290.0,268.54545455,236.84545454999997,109.93545454999997
2018-08-31,110.98,1.1596,2799.17,114.2755,2.86,0.78,2.08,1.97,,4218914.0,14221.3,92.0,12.86,,0.11,0.2908695652,3.161,1.3991,-0.4,128.692408,-0.02131132602418706,0.02131132602418706,-0.008530185771607357,0.011375351544640644,,18.08695652,275.0,256.91304348,287.01304348,110.82304348000001
2018-09-30,113.48,1.1622,2775.1,113.8077,3.05,0.91,2.14,2.25,,4192909.0,14243.9,90.0,12.12,,0.125,0.3705,2.959,1.5023,-0.4,131.88645599999998,0.016541676675518424,-0.016541676675518424,-0.0033793922740903426,-0.008912958481628763,,24.55,292.5,267.95,258.85,113.17999999999999
2018-10-31,112.86,1.1332,2830.11,116.5281,3.15,1.1,2.05,2.22,,4139731.0,14257.6,80.0,21.23,,0.13,0.3990909091,3.469,1.5462,-0.4,127.892952,-0.031902842327305336,0.031902842327305336,0.03165584183960224,0.01904128189140053,,26.90909091,302.0,275.09090909,306.99090909,114.71090908999999
2018-11-30,113.54,1.1323,2823.05,116.413,3.01,1.04,1.97,2.28,,4097170.0,14288.4,68.0,18.07,,0.085,0.3140909091,3.39,1.4541,-0.4,128.56134200000002,0.0025280593342360547,-0.0025280593342360547,0.015220427332574005,-0.008213499701424709,,22.909090909999996,292.5,269.59090908999997,307.59090909,114.00090909000001
2018-12-31,109.7,1.1456,2936.22,115.5674,2.69,0.98,1.71,3.0,,4075636.0,14392.0,4207.0,25.42,,-0.01,0.1870588235,2.975,1.3125,-0.4,125.67232,-0.014720151400521964,0.014720151400521964,0.023301538022179713,-0.006250298717252356,,19.70588235,270.0,250.29411764999998,278.79411765,112.54411765
2019-01-31,108.84,1.1454,3016.56,113.5504,2.63,0.78,1.85,2.58,,4039678.0,14460.2,77.0,16.57,,0.0,0.1327272727,2.77,1.3221,-0.4,124.665336,0.006326496361434231,-0.006326496361434231,0.01630158993297748,-0.020316625993340054,,13.27272727,263.0,249.72727272999998,263.72727273,118.93727273
2019-02-28,111.38,1.1379,3002.88,114.1991,2.73,0.78,1.95,2.58,,3974590.0,14506.6,88.0,14.78,,-0.015,0.0555,2.812,1.239,-0.4,126.73930199999998,0.0030066362000775726,-0.0030066362000775726,-0.0045016729870930305,0.005315501882314777,,7.050000000000001,274.5,267.45,275.65,118.35
2019-03-31,110.68,1.1228,2954.35,115.1371,2.41,0.53,1.88,2.65,,3955617.0,14559.5,66.0,13.71,,-0.095,0.010952381,2.69,1.19,-0.4,124.27150400000001,-0.0191965010367543,0.0191965010367543,-0.01388702919542073,0.01097292340381717,,10.5952381,250.50000000000003,239.9047619,267.9047619,117.90476189999998
2019-04-30,111.4,1.1201,2934.34,115.3281,2.51,0.56,1.95,2.76,,3928273.0,14594.0,55.0,13.12,,-0.045,-0.0395,2.618,1.1906,-0.4,124.77914000000001,-0.005779207507139006,0.005779207507139006,-0.0016086772541976657,0.0036077042757973743,,0.5499999999999998,255.49999999999997,254.94999999999996,265.75,123.01000000000002
2019-05-31,108.66,1.1149,2972.5,116.7273,2.14,0.4,1.74,2.49,,3851444.0,14703.2,17.0,18.71,,-0.095,-0.1345454545,2.644,1.13,-0.4,121.145034,-0.022604255804170137,0.022604255804170137,0.010651330955950833,0.006883191268417299,,-3.9545454499999995,223.50000000000003,227.45454545,277.85454545,126.45454544999998
2019-06-30,107.84,1.1374,3091.77,114.5821,2.0,0.31,1.69,2.5,,3826817.0,14798.8,18.0,15.08,,-0.165,-0.3152631579,2.284,0.919,-0.4,122.657216,0.0004954895061128894,-0.0004954895061128894,0.03372947302454854,-0.013306281432966749,,-15.026315789999996,216.5,231.52631579,259.92631579,123.42631579
2019-07-31,108.58,1.113,3108.46,115.4946,2.02,0.26,1.76,2.55,,3779102.0,14882.7,11.0,16.12,,-0.16,-0.3882608696,1.654,0.8304,-0.4,120.84953999999999,-0.020104123154981224,0.020104123154981224,0.009518933759194326,0.0040779997283415526,,-22.82608696,218.00000000000003,240.82608696,204.22608695999998,121.86608696
2019-08-31,106.3,1.0989,3204.46,118.1575,1.5,-0.05,1.55,2.16,,3759946.0,14974.4,69.0,18.98,,-0.28,-0.6490909091,1.404,0.5776,-0.4,116.81307,-0.04097399934995671,0.04097399934995671,0.032818448881478446,0.010935181949891515,,-36.909090909999996,178.0,214.90909090999997,205.30909090999998,122.66909091
2019-09-30,108.11,1.0905,3091.4,117.9461,1.68,0.15,1.53,2.35,,3857715.0,15047.2,42.0,16.24,,-0.215,-0.5947619048,0.902,0.5981,-0.5,117.893955,0.026932960949711315,-0.026932960949711315,-0.016220384505842844,-0.007602294277493371,,-37.97619048000001,189.5,227.47619048,149.67619048,119.28619048
2019-10-31,108.09,1.1155,3166.6,115.9125,1.69,0.15,1.54,1.76,,4019823.0,15185.6,41.0,13.22,,-0.15,-0.4695454545,1.004,0.6373,-0.5,120.574395,0.013634361436730025,-0.013634361436730025,0.04342225315966708,-0.0162331930882047,,-31.954545450000005,184.0,215.95454544999998,147.35454545,110.68454544999999
2019-11-30,109.47,1.1019,3053.65,117.1204,1.78,0.17,1.61,1.65,,4052875.0,15301.3,47.0,12.62,,-0.08,-0.3523809524,1.266,0.765,-0.5,120.624993,-0.004751161805124582,0.004751161805124582,-0.027356094741845638,0.007076196917751076,,-27.23809524,186.0,213.23809524,161.83809524,111.73809524
2019-12-31,108.67,1.1227,3131.05,114.669,1.92,0.15,1.77,1.55,,4165591.0,15351.5,3729.0,13.78,,-0.025,-0.2994444444,1.37,0.8308,-0.5,122.003809,0.0015485030419473134,-0.0015485030419473134,0.021228755552000322,-0.013475604871265645,,-27.444444439999998,194.49999999999997,221.94444444,166.94444444,113.02444444
2020-01-31,108.5,1.1082,3186.4,115.7345,1.51,-0.14,1.65,1.6,,4151630.0,15425.0,51.0,18.84,,-0.065,-0.3136363636,1.275,0.7235,-0.5,120.23970000000001,-0.012096603312569343,0.012096603312569343,0.01583163236664653,0.0039732951388753435,,-24.86363636,157.5,182.36363636,158.86363636000002,103.71363636000001
2020-02-29,108.12,1.1001,3149.25,117.6568,1.13,-0.28,1.41,1.6,,4158637.0,15492.8,44.0,40.11,,-0.155,-0.466,0.955,0.633,-0.5,118.94281200000002,0.0059825248356339955,-0.0059825248356339955,-0.015426833732488987,0.008052852719447223,,-31.100000000000005,128.5,159.6,142.1,109.89999999999999
2020-03-31,107.53,1.1016,3136.64,122.5301,0.7,-0.17,0.87,0.01,,5254278.0,16034.4,206051.0,53.54,,0.005,-0.5413636364,1.551,0.4609,-0.5,118.45504799999999,0.004517299213303794,-0.004517299213303794,-0.035197024425414725,0.022877590159829708,,-54.63636364,69.5,124.13636364,209.23636364,100.22636363999999
2020-04-30,106.94,1.0934,3366.42,122.327,0.64,-0.43,1.07,0.04,,6655929.0,17064.0,438953.0,34.15,,-0.04,-0.4495,1.799,0.3577,-0.5,116.92819599999999,-0.009365468536092436,0.009365468536092436,0.033163556775290814,-0.0022109864392341194,,-40.95,68.0,108.95000000000002,224.85,80.72
2020-05-31,107.77,1.1107,3406.56,120.9458,0.65,-0.5,1.15,0.06,,7097316.0,17931.9,448946.0,27.51,,0.0,-0.5165,1.762,0.2743,-0.5,119.700139,0.00675724710774972,-0.00675724710774972,0.04494643816556909,-0.003338583087359126,,-51.65,65.0,116.65,227.85000000000002,79.08
2020-06-30,107.77,1.1237,3430.7,120.4649,0.66,-0.68,1.34,0.1,,7082302.0,18180.0,274963.0,30.43,,0.03,-0.4342857143,1.455,0.278,-0.5,121.10114899999999,0.009800204359756037,-0.009800204359756037,0.0031611803905491342,0.0032705719177359427,,-46.42857143,63.0,109.42857143,188.92857143,71.22857143000002
2020-07-31,105.78,1.1822,3512.22,117.2082,0.55,-1.0,1.55,0.1,,6949032.0,18331.4,117473.0,24.46,,0.01,-0.5230434783,1.196,0.2094,-0.5,125.05311599999999,0.011257803181370818,-0.011257803181370818,0.02867660488102608,-0.014309792082404904,,-53.30434783,54.0,107.30434783,171.90434783,73.24434783
2020-08-31,105.84,1.195,3531.91,115.7586,0.72,-1.08,1.8,0.09,,6990418.0,18413.3,92140.0,26.41,,0.045,-0.5233333333,1.032,0.2717,-0.5,126.4788,0.006760581277928779,-0.006760581277928779,0.003564041302517751,-0.012773699189369658,,-56.83333333,67.5,124.33333332999999,155.53333333,79.50333332999999
2020-09-30,105.58,1.1723,3409.01,116.946,0.69,-0.94,1.63,0.08,,7056129.0,18605.0,23895.0,26.37,,0.015,-0.5240909091,0.981,0.273,-0.5,123.77143399999999,-0.009503068499287615,0.009503068499287615,-0.02608808800606255,0.0026547766906155346,,-53.90909091,67.5,121.40909090999999,150.50909091,79.70909091
2020-10-31,104.54,1.1647,3380.48,116.1354,0.88,-0.82,1.7,0.09,,7146306.0,18759.9,6799.0,38.02,,0.04,-0.6072727273,0.77,0.3058,-0.5,121.75773800000002,-0.022227278961901575,0.022227278961901575,-0.00020758455978509005,-0.006843250679316348,,-64.72727273000001,84.0,148.72727273,137.72727273,91.30727273000001
2020-11-30,104.38,1.1948,3196.65,113.2256,0.84,-0.93,1.77,0.09,,7216480.0,19002.4,7845.0,20.57,,0.03,-0.6147619048,0.664,0.3836,-0.5,124.713224,0.001350395580162811,-0.001350395580162811,0.019742466668679626,-0.028063565187372852,,-64.47619048,81.0,145.47619048,127.87619048,99.83619048000001
2020-12-31,103.19,1.223,3376.09,111.3169,0.93,-1.06,1.99,0.07,,7363351.0,19119.4,17883.0,22.75,,0.02,-0.6185,0.578,0.3224,-0.5,126.20137000000001,0.004157072167951803,-0.004157072167951803,0.05982729804838982,-0.020746182297674665,,-63.85000000000001,91.0,154.85000000000002,119.64999999999999,94.09
2021-01-31,104.64,1.2135,3271.12,111.9511,1.11,-1.02,2.13,0.06,,7404926.0,19375.3,9567.0,33.09,,0.055,-0.5835,0.616,0.3672,-0.5,126.98064000000001,0.010164873072978864,-0.010164873072978864,-0.045592724985692,0.0017995043344729567,,-63.85000000000001,105.50000000000001,169.35000000000002,119.95,95.07000000000001
2021-02-28,106.64,1.2093,3064.97,112.8306,1.44,-0.71,2.15,0.01,,7590111.0,19641.4,6765.0,27.95,,0.15,-0.4455,0.59,0.6222,-0.5,128.959752,0.015254554659059671,-0.015254554659059671,-0.07512178022661331,0.0008191683649725334,,-59.550000000000004,129.0,188.54999999999998,103.54999999999998,106.76999999999998
2021-03-31,110.61,1.1743,3040.1,113.8234,1.74,-0.63,2.37,0.01,,7688988.0,19874.5,2510.0,19.4,,0.12,-0.3647826087,0.704,0.8456,-0.5,129.889323,0.009671797241338709,-0.009671797241338709,0.015959687827223235,0.0035288470747891765,,-48.47826087,162.0,210.47826086999999,106.87826086999999,121.03826087
2021-04-30,109.33,1.203,3087.88,112.0839,1.65,-0.76,2.41,0.01,,7780962.0,20174.1,703.0,18.61,,0.09,-0.325,0.797,0.8515,-0.5,131.52399,0.01448043052671455,-0.01448043052671455,0.03305896480578241,-0.007105117327257382,,-41.5,155.99999999999997,197.5,112.20000000000002,117.65
2021-05-31,109.83,1.2194,3190.06,110.7576,1.58,-0.84,2.42,0.01,,7903541.0,20457.2,678.0,16.76,,0.08,-0.2235,0.984,0.9058,-0.5,133.926702,0.015164341991737551,-0.015164341991737551,0.02754573765613877,-0.0072656007909159825,,-30.349999999999998,150.0,180.35000000000002,120.75,112.92999999999999
2021-06-30,111.05,1.1848,2980.35,112.5533,1.45,-0.87,2.32,0.05,,8078544.0,20472.1,568.0,15.83,,0.05,-0.2886363636,0.875,0.8549,-0.5,131.57204000000002,-0.023258639074901666,0.023258639074901666,-0.07076127622708839,0.022912185878788627,,-33.86363636,140.0,173.86363636,116.36363636,114.35363636
2021-07-31,109.7,1.1864,3052.96,112.6714,1.24,-1.16,2.4,0.05,0.15,8221473.0,20629.1,476.0,18.24,,0.015,-0.4513636364,0.748,0.6979,-0.5,130.14808,0.0004766852200841498,-0.0004766852200841498,0.025428637827963563,-0.004448633284897419,-10.0,-46.63636364,122.50000000000001,169.13636363999998,119.93636364,114.92636363999999
2021-08-31,110.05,1.18,3006.46,113.1076,1.3,-1.03,2.33,0.05,0.15,8332743.0,20843.2,326.0,16.48,,0.02,-0.5386363636,0.628,0.644,-0.5,129.85899999999998,0.003924198446078719,-0.003924198446078719,0.0042911651857169275,0.0073911878548011956,-10.0,-55.86363636,128.0,183.86363636000002,116.66363635999998,118.26363635999999
2021-09-30,111.5,1.1577,2916.46,114.6403,1.52,-0.85,2.37,0.05,0.15,8447981.0,20984.5,340.0,23.14,,0.065,-0.3627272727,0.777,0.8023,-0.5,129.08355,-0.0033722279336521055,0.0033722279336521055,-0.026085388221798844,0.005946549823655722,-10.0,-42.77272727,145.5,188.27272727,113.97272727000001,116.50272727
2021-10-31,114.03,1.1552,2955.28,114.1349,1.55,-0.96,2.51,0.05,0.15,8556181.0,21163.3,323.0,16.26,,0.095,-0.2042857143,0.955,1.083,-0.5,131.727456,0.007588441667482293,-0.007588441667482293,0.010094906431886486,-0.0033947489601073855,-10.0,-29.92857143,145.5,175.42857143,115.92857142999999,128.72857143000002
2021-11-30,113.22,1.1287,2911.85,116.2071,1.43,-1.07,2.5,0.05,0.15,8681771.0,21340.1,268.0,27.19,,0.05,-0.3136363636,1.01,0.9394,-0.5,127.791414,-0.02228765038891023,0.02228765038891023,0.004019941483731415,0.009314959794246569,-10.0,-36.36363636,138.0,174.36363636,132.36363636,125.30363636000001
2021-12-31,115.17,1.1318,2965.69,115.283,1.52,-1.04,2.56,0.05,0.15,8757460.0,21502.0,3341.0,17.22,,0.07,-0.3842857143,1.047,0.8375,-0.5,130.349406,0.013591133847438819,-0.013591133847438819,0.031134279619321248,-0.010902303516648892,-10.0,-45.428571430000005,145.0,190.42857143,143.12857143,122.17857143000002
2022-01-31,115.22,1.1212,2926.94,115.566,1.79,-0.65,2.44,0.05,0.15,8860485.0,21646.4,265.0,24.83,,0.17,-0.1147619048,1.346,1.2051,-0.5,129.184664,-0.002442152711996215,0.002442152711996215,-0.006814154143156337,-0.004335410922491789,-10.0,-28.476190480000003,162.0,190.47619047999999,146.07619048,131.98619048
2022-02-28,115.11,1.1224,3027.53,115.2224,1.83,-0.79,2.62,0.05,0.15,8928129.0,21724.7,211.0,30.15,,0.18,0.15,1.794,1.4891,-0.5,129.199464,0.020955311970493717,-0.020955311970493717,0.026022979016850023,-0.0037905314961159675,-10.0,-3.0,165.0,168.00000000000003,164.4,133.91000000000003
2022-03-31,121.44,1.1093,2984.66,115.2218,2.32,-0.52,2.84,0.29,0.4,8937142.0,21787.2,231.0,20.56,,0.21,0.2817391304,1.854,1.5457,-0.5,134.713392,0.018478398197928847,-0.018478398197928847,0.007728568194883323,-0.008652207914204624,-11.000000000000004,7.173913039999999,211.0,203.82608695999997,157.22608696,126.39608695999999
2022-04-30,129.84,1.0537,2895.88,119.4933,2.89,0.01,2.88,0.28,0.4,8939199.0,21767.6,214.0,33.4,,0.215,0.7463157895,2.436,1.8362,-0.5,136.812408,0.024953160697401167,-0.024953160697401167,-0.026129274861594887,0.02959553652411273,-12.0,53.131578950000005,267.5,214.36842105,168.96842105,108.98842105000001
2022-05-31,128.53,1.0731,2788.57,118.0704,2.85,0.21,2.64,0.79,0.9,8914281.0,21717.4,209.0,26.19,,0.235,0.9527272727,2.99,1.9069,-0.5,137.925543,-0.014826078455001834,0.014826078455001834,0.00047904183886604557,-0.011990408047469536,-10.999999999999998,71.77272727,261.5,189.72727273,203.72727273000004,95.41727273000001
2022-06-30,135.69,1.0469,2748.77,120.9652,2.98,0.65,2.33,1.5,1.65,8913553.0,21646.7,184.0,28.71,,0.225,1.445,3.635,2.3824,-0.5,142.05386099999998,0.01229689458056793,-0.01229689458056793,0.018680390247399536,0.021368209141142458,-14.999999999999991,122.0,275.5,153.5,218.99999999999994,93.74
2022-07-31,133.25,1.0202,2663.49,121.7678,2.67,0.14,2.53,2.27,2.4,8890004.0,21649.2,206.0,21.33,,0.18,1.0819047619,3.359,2.1454,0.0,135.94165,-0.0405973252003351,0.0405973252003351,0.004822203270197001,-0.003634208935960004,-12.99999999999999,90.19047619,248.99999999999997,158.80952381,227.70952381000004,106.34952381000001
2022-08-31,138.69,1.0065,2593.51,123.535,3.15,0.67,2.48,2.29,2.4,8826093.0,21641.9,171.0,25.87,,0.22,1.0343478261,3.297,2.3278,0.0,139.59148499999998,0.035774382312786734,-0.035774382312786734,-0.01989049524472364,0.009789830409768996,-10.999999999999988,81.43478261000001,293.0,211.56521739000002,226.26521739000003,129.34521739
2022-09-30,144.71,0.9783,2517.77,127.5148,3.83,1.68,2.15,2.98,3.15,8795567.0,21541.3,216.0,31.62,,0.24,1.7954545455,4.138,3.5007,0.75,141.569793,-0.0029504049736273075,0.0029504049736273075,-0.010233925510895858,0.017208085883003044,-16.999999999999993,155.54545455,359.0,203.45454544999998,234.25454544999997,170.52454545000003
2022-10-31,148.63,0.9885,2471.41,127.6219,4.1,1.58,2.52,3.05,3.15,8723090.0,21464.1,11302.0,25.88,,0.245,2.1866666667,4.532,4.1096,0.75,146.920755,0.004256338501060775,-0.004256338501060775,-0.010176076661261746,0.000852473501838702,-10.000000000000009,194.16666666999998,385.49999999999994,191.33333333,234.53333333,192.29333333000005
2022-11-30,139.31,1.0323,2611.68,123.5175,3.68,1.34,2.34,3.82,3.9,8584576.0,21409.4,204.0,20.58,,0.25,2.0663636364,4.243,3.4171,1.5,143.809713,-0.03096606151788528,0.03096606151788528,0.06860262933124073,-0.02134612879970188,-8.000000000000007,181.63636364,343.0,161.36363636,217.66363636,135.07363636
2022-12-31,131.81,1.0698,2595.54,121.4256,3.88,1.58,2.3,4.3,4.4,8551169.0,21293.1,412.0,21.67,,0.41,2.0852380952,4.257,3.5015,2.0,141.01033800000002,-0.04830429335764741,0.04830429335764741,0.02339142093680291,-0.022270249292595246,-10.000000000000053,167.52380952,347.0,179.47619048,217.17619047999997,141.62619048000002
2023-01-31,130.17,1.0858,2642.97,118.9802,3.52,1.28,2.24,4.31,4.4,8470557.0,21274.0,387.0,19.4,,0.49,2.1927272727,4.243,3.5115,2.0,141.338586,0.000980453264006087,-0.000980453264006087,0.026344113764106503,-0.016486664529407058,-9.000000000000075,170.27272727,303.0,132.72727273,205.02727273000002,131.87727273
2023-02-28,136.09,1.0602,2513.84,121.3341,3.92,1.49,2.43,4.55,4.65,8382190.0,21240.2,393.0,20.7,,0.5,2.3705,4.27,3.5553,2.5,144.282618,-0.002724034695314792,0.002724034695314792,-0.03703823981482568,0.013148832303480518,-10.000000000000053,187.04999999999998,342.0,154.95000000000002,189.95,118.48
2023-03-31,132.75,1.0872,2616.6,119.3602,3.48,1.16,2.32,4.87,4.9,8705942.0,20942.3,585.0,18.7,,0.32,2.3834782609,4.24,3.5638,3.0,144.3258,-0.011268362316954494,0.011268362316954494,0.03997909866251881,-0.0048484930152836725,-3.000000000000025,206.34782609,316.0,109.65217390999999,185.65217391000002,118.03217391000001
2023-04-30,135.99,1.104,2587.36,119.2248,3.44,1.26,2.18,4.81,4.9,8562768.0,20758.3,418.0,15.78,,0.385,2.3594444444,4.234,3.6503,3.0,150.13296000000003,0.029413730182474396,-0.029413730182474396,-0.0016354287274822354,-0.00712235407580053,-9.000000000000075,197.44444443999998,305.5,108.05555556000002,187.45555556000002,129.08555556000005
2023-05-31,139.78,1.0654,2544.31,120.9662,3.64,1.46,2.18,5.08,5.15,8385854.0,20829.6,392.0,17.94,,0.43,2.3422727273,4.313,3.9621,3.25,148.92161199999998,-0.017631546089860173,0.017631546089860173,-0.00867292399251074,0.012243264787328734,-7.000000000000028,191.22727273,321.0,129.77272727,197.07272726999997,161.98272726999997
2023-06-30,144.47,1.092,2478.5,119.3606,3.81,1.59,2.22,5.09,5.15,8340914.0,20798.9,310.0,13.59,,0.395,2.3763636364,4.074,4.3659,3.5,157.76124000000002,0.060659033581350386,-0.060659033581350386,-0.014133490675615867,-0.018820526922560532,-6.00000000000005,198.13636363999998,341.5,143.36363636000002,169.76363636,198.95363636000002
2023-07-31,142.18,1.102,2522.73,117.8241,3.97,1.6,2.37,5.31,5.4,8243344.0,20792.2,255.0,13.63,,0.595,2.4566666667,4.157,4.4372,3.5,156.68236000000002,-0.003105401741041014,0.003105401741041014,0.025902756047870845,-0.011729433139631595,-9.000000000000075,186.16666666999998,337.5,151.33333333000002,170.03333333,198.05333333
2023-08-31,145.68,1.0839,2485.56,120.225,4.09,1.85,2.24,5.31,5.4,8121316.0,20782.0,232.0,13.57,3.85,0.64,2.5456521739,4.221,4.5298,3.75,157.90255200000001,-0.003979770171267383,0.003979770171267383,-0.0078152400923015,0.01566031478902641,-9.000000000000075,190.56521739000002,345.0,154.43478260999996,167.53478260999998,198.41478260999997
2023-09-30,149.43,1.0584,2369.65,122.3077,4.59,2.24,2.35,5.31,5.4,8002064.0,20753.6,238.0,17.52,4.03,0.765,2.6614285714,4.513,4.4199,4.0,158.156712,0.005041642305462446,-0.005041642305462446,-0.03985466189404363,0.011853951370756732,-9.000000000000075,189.64285714,382.5,192.85714285999998,185.15714285999996,175.84714286000002
2023-10-31,151.46,1.0568,2478.7,123.8364,4.88,2.46,2.42,5.35,5.4,7907830.0,20737.5,252.0,18.14,4.42,0.95,2.8231818182,4.885,4.5695,4.0,160.062928,0.011339010189001186,-0.011339010189001186,0.04052238644150741,0.016425122043352225,-5.000000000000071,187.31818182,393.0,205.68181817999996,206.18181817999996,174.63181817999995
2023-11-30,147.87,1.0908,2540.61,120.2434,4.37,2.14,2.23,5.33,5.4,7796145.0,20749.7,234.0,12.92,3.84,0.66,2.6013636364,4.428,4.2721,4.0,161.296596,0.004721207468811883,-0.004721207468811883,0.022264630943061192,-0.02185302240002418,-7.000000000000028,194.13636363999998,371.0,176.86363636000002,182.66363636,167.07363636000002
2023-12-31,140.92,1.1062,2574.04,118.4208,3.88,1.72,2.16,5.38,5.4,7712781.0,20779.9,1359.0,12.45,3.39,0.62,2.1021052632,3.821,3.8622,4.0,155.885704,-0.052360792933286326,0.052360792933286326,0.026043176280571068,-0.02103332059609997,-2.000000000000046,148.21052631999999,326.0,177.78947368,171.88947368000004,176.00947368
2024-01-31,146.26,1.0855,2546.19,120.4331,3.99,1.73,2.26,5.32,5.4,7630124.0,20835.5,219.0,14.35,3.59,0.73,2.1745454545,3.811,3.9319,4.0,158.76522999999997,0.02436341608640724,-0.02436341608640724,0.006669080621375834,0.00044929340073629476,-8.000000000000007,144.45454545,326.0,181.54545455000002,163.64545454999998,175.73545455000001
2024-02-29,149.9,1.0807,2554.04,121.1824,4.25,1.92,2.33,5.32,5.4,7567807.0,20921.7,217.0,13.4,3.29,0.71,2.3319047619,3.872,4.123,4.0,161.99693,0.01763254041930651,-0.01763254041930651,0.011534815037038015,0.004242844096195242,-8.000000000000007,162.19047619000003,354.0,191.80952380999997,154.00952380999996,179.10952381
2024-03-31,151.22,1.0791,2662.43,121.0191,4.2,1.88,2.32,5.34,5.4,7484739.0,20965.9,179.0,13.01,3.15,0.725,2.3495,3.696,4.033,4.0,163.181502,0.004162022364054607,-0.004162022364054607,0.031616466133741916,-0.0009091717226894502,-6.00000000000005,162.45,347.5,185.05,134.65000000000003,168.35000000000005
2024-04-30,157.54,1.0684,2613.74,122.9853,4.69,2.28,2.41,5.34,5.4,7402434.0,20955.5,137.0,15.65,3.18,0.87,2.4457142857,3.856,4.2172,4.0,168.315736,0.025107888398972378,-0.025107888398972378,-0.0039088892306100576,0.01645842677281184,-6.00000000000005,157.57142856999997,382.0,224.42857143000006,141.02857143,177.14857143000003
2024-05-31,157.19,1.0846,2636.96,122.098,4.51,2.16,2.35,5.34,5.4,7284319.0,21021.7,112.0,12.92,3.2,1.07,2.5195454545,3.844,4.2229,4.0,170.488274,-0.00380087218679126,0.00380087218679126,0.008242525739560413,-0.003728145821704665,-6.00000000000005,144.95454544999998,343.99999999999994,199.04545455,132.44545455000002,170.33545455000004
2024-06-30,160.88,1.0711,2628.28,124.2103,4.36,2.08,2.28,5.33,5.4,7231163.0,21070.7,124.0,12.44,3.21,1.05,2.4845,3.942,4.1644,3.75,172.318568,0.003509393403874128,-0.003509393403874128,-0.020348933065435837,0.013053563103338384,-7.000000000000028,143.45000000000002,331.00000000000006,187.55,145.75,167.98999999999995
2024-07-31,150.38,1.0823,2702.7,123.6373,4.09,1.85,2.24,5.38,5.4,7178391.0,21098.8,155.0,16.36,3.25,1.045,2.4582608696,3.83,4.1386,3.75,162.756274,-0.057050960150023755,0.057050960150023755,0.031166653523123422,-0.009219583210064108,-2.000000000000046,141.32608696000003,304.5,163.17391303999997,137.17391304,168.03391304000002
2024-08-31,145.95,1.106,2731.79,122.3262,3.91,1.76,2.15,5.32,5.4,7123238.0,21191.9,145.0,15.0,3.17,0.89,2.2077272727,3.682,3.9444,3.75,161.4207,0.009639044648933393,-0.009639044648933393,0.021374097919095725,-0.011620723181275494,-8.000000000000007,131.77272727,302.0,170.22727273,147.42727272999997,173.66727272999998
2024-09-30,143.25,1.1145,2771.62,121.2864,3.81,1.63,2.18,4.96,4.9,7080059.0,21275.5,153.0,16.73,3.03,0.855,2.1671428571,3.565,3.9053,3.5,159.652125,-0.013033108161081053,0.013033108161081053,0.026782108340310806,-0.014371830812886621,5.999999999999961,131.21428571,295.5,164.28571429000002,139.78571429,173.81571429
2024-10-31,152.35,1.0855,2824.22,124.7988,4.28,1.95,2.33,4.9,4.9,7013490.0,21336.7,157.0,23.16,2.88,0.935,2.2295652174,3.501,4.1993,3.25,165.37592499999997,0.03014442164898057,-0.03014442164898057,0.03261468463787587,0.016494494907702162,0.0,129.45652173999997,334.5,205.04347826000006,127.14347826000001,196.97347826000004
2024-11-30,150.41,1.0547,2762.75,126.5798,4.18,1.92,2.26,4.59,4.65,6905140.0,21454.8,128.0,13.51,2.74,1.05,2.3057142857,3.569,4.4164,3.25,158.637427,-0.04701408421089326,0.04701408421089326,0.007694399890021408,0.014296745528147525,-6.00000000000005,125.57142857000001,313.0,187.42857142999995,126.32857142999998,211.06857143000002
2024-12-31,157.37,1.0351,2738.07,129.2775,4.58,2.24,2.34,4.49,4.4,6885963.0,21487.6,1121.0,17.35,2.92,1.09,2.1788888889,3.321,4.4345,3.0,162.893687,0.02027480646832469,-0.02027480646832469,-0.008700580532036817,0.011767782141404837,8.999999999999986,108.88888888999999,349.0,240.11111111,114.21111111000002,225.56111110999998
2025-01-31,154.91,1.04,2824.78,128.4828,4.58,2.16,2.42,4.38,4.4,6818186.0,21539.2,78.0,16.43,2.68,1.245,2.4836363636,3.676,4.6627,3.0,161.1064,-0.009441644609352373,0.009441644609352373,0.01592713993843642,0.0015486543449059198,-2.000000000000046,123.86363636,333.5,209.63636364,119.23636364000001,217.90636364
2025-02-28,150.64,1.0402,2751.67,128.2805,4.24,1.86,2.38,4.39,4.4,6766101.0,21607.2,96.0,19.63,2.87,1.37,2.4055,3.575,4.5063,2.75,156.69572799999997,-0.01129418997138032,0.01129418997138032,-0.033691352152724896,-0.00957942556875846,-1.0000000000000675,103.54999999999998,287.0,183.45000000000002,116.95000000000002,210.08000000000004
2025-03-31,149.9,1.0796,2896.2,126.7075,4.23,1.85,2.38,4.41,4.4,6740253.0,21684.1,86.0,22.28,3.55,1.485,2.7414285714,3.887,4.6448,2.5,161.83203999999998,0.0179558838356062,-0.0179558838356062,0.04671435965072135,-0.009583234930823359,0.9999999999999787,125.64285714,274.5,148.85714286,114.55714285999998,190.33714285999997
2025-04-30,142.63,1.1349,2918.83,122.5921,4.17,1.94,2.23,4.41,4.4,6709277.0,21770.9,62.0,24.7,3.94,1.31,2.5105,3.712,4.5762,2.25,161.870787,0.003537878208789813,-0.003537878208789813,0.0085706525341811,-0.03132878176472431,0.9999999999999787,120.04999999999998,286.0,165.95,120.15000000000002,206.57000000000002
2025-05-31,144.18,1.1347,2857.7,121.7674,4.41,2.07,2.34,4.35,4.4,6673244.0,21836.2,17.0,18.57,3.32,1.5,2.5628571429,3.629,4.6004,2.25,163.60104600000003,-0.0012540969420840042,0.0012540969420840042,0.013032981871766935,-0.009218482099185188,-5.000000000000071,106.28571429,291.0,184.71428571,106.61428571,203.75428570999995
2025-06-30,144.17,1.177,2854.36,119.4088,4.24,1.95,2.29,4.45,4.4,6662200.0,21942.7,19.0,16.73,2.96,1.42,2.519047619,3.501,4.5248,2.0,169.68809,0.02276863758086556,-0.02276863758086556,-0.015697648666299635,-0.012858139470227847,4.999999999999982,109.90476190000003,282.0,172.09523810000002,98.19523809999997,200.57523809999998
2025-07-31,150.6,1.1431,2811.67,121.721,4.37,1.98,2.39,4.39,4.4,6642578.0,22025.5,57.0,16.72,2.86,1.545,2.6313043478,3.537,4.5924,2.0,172.15086,0.01898288102000123,-0.01898288102000123,-0.0018690756858870117,0.011251089052107588,-1.0000000000000675,108.63043478,282.5,173.86956522,90.56956521999999,196.10956521999995
2025-08-31,146.9,1.1695,2915.23,120.2082,4.23,1.82,2.41,4.34,4.4,6603384.0,22092.5,40.0,15.36,2.84,1.6,2.6733333333,3.538,4.6369,2.0,171.79955,0.0026628897582883226,-0.0026628897582883226,0.05103325222883459,-0.016654521432902136,-6.00000000000005,107.33333332999999,263.00000000000006,155.66666667000004,86.46666666999998,196.35666666999998
2025-09-30,147.97,1.1735,3033.22,120.1368,4.16,1.8,2.36,4.24,4.15,6608395.0,22176.1,52.0,16.28,2.8,1.645,2.6931818182,3.559,4.6885,2.0,173.642795,0.0013306791815193009,-0.0013306791815193009,0.020907682638197755,0.002276917967278358,8.999999999999986,104.81818181999998,251.5,146.68181818000002,86.58181818000004,199.53181818000004
2025-10-31,154.05,1.1541,3019.25,121.3859,4.11,1.81,2.3,4.22,3.9,6587034.0,22249.8,26.0,17.44,2.94,1.655,2.617826087,3.442,4.5721,2.0,177.789105,0.007655223521703114,-0.007655223521703114,-0.00692638556172831,0.01006929046130356,31.999999999999986,96.28260870000001,245.5,149.21739130000003,82.4173913,195.42739129999998
2025-11-30,156.17,1.16,3101.74,121.0527,4.02,1.79,2.23,4.12,3.9,6552419.0,22279.8,46.0,16.35,2.92,1.805,2.6575,3.459,4.4985,2.0,181.15719999999996,0.0028873261406081596,-0.0028873261406081596,0.014486835705771028,-0.0005346252632634219,22.00000000000002,85.25000000000003,221.5,136.24999999999994,80.14999999999999,184.09999999999997
2025-12-31,156.8,1.1736,3122.7,119.7456,4.18,1.93,2.25,3.87,3.65,6640618.0,22355.3,481.0,14.95,2.81,2.06,2.8142105263,3.552,4.4826,2.0,184.02048000000002,0.01863058988457844,-0.01863058988457844,0.02710806878794436,-0.009311748370264716,22.00000000000002,75.42105263,211.99999999999997,136.57894736999995,73.77894737,166.83894736999997
2026-01-31,154.34,1.1885,3174.73,117.8996,4.26,1.9,2.36,3.68,3.65,6587568.0,22420.1,32.0,17.44,2.88,2.24,2.8066666667,3.492,4.451,2.0,183.43309,0.000692502432992903,-0.000692502432992903,-0.0019309357976524666,-0.00013800674096220433,3.000000000000025,56.66666666999998,201.99999999999994,145.33333333,68.53333333,164.43333332999995
2026-02-28,156.05,1.1822,3273.58,117.8223,3.97,1.72,2.25,3.68,3.65,6613797.0,22620.3,55.0,19.86,3.12,2.11,2.745,3.388,4.4324,2.0,184.48231,0.004639340750602017,-0.004639340750602017,0.06162653804648244,-0.0008179944370105829,3.000000000000025,63.50000000000002,186.00000000000003,122.50000000000001,64.29999999999998,168.74
2026-03-31,159.08,1.1518,2997.44,121.035,4.3,2.0,2.3,3.68,3.65,6657161.0,22676.1,28.0,25.25,3.28,2.345,2.91,3.733,4.7007,2.0,183.228344,0.0011164029764243466,-0.0011164029764243466,-0.059507438400458135,0.022852330883649685,3.000000000000025,56.49999999999999,195.49999999999997,138.99999999999997,82.3,179.07000000000002
2026-04-30,156.66,1.1729,2958.49,118.671,4.4,1.94,2.46,3.66,3.65,6699950.0,22799.9,20.0,16.89,2.83,2.515,3.001,3.818,4.8207,2.0,183.746514,-0.004584093803623901,0.004584093803623901,0.021689551772800186,-0.018783195995996316,1.000000000000023,48.59999999999998,188.50000000000003,139.90000000000003,81.70000000000002,181.97000000000006
2026-05-31,159.23,1.1679,2908.29,118.8783,4.45,2.07,2.38,3.63,3.65,6704383.0,23055.6,50.0,15.32,2.74,2.65,3.0465,3.839,4.9416,2.0,185.96471699999998,0.005608516984280776,-0.005608516984280776,0.022456249425138353,0.0008158173819969861,-2.0000000000000018,39.650000000000006,180.00000000000003,140.35000000000002,79.25,189.51000000000002
2026-06-30,162.61,1.1417,2527.55,120.9248,4.44,2.2,2.24,3.68,3.65,6735645.0,23155.2,35.0,16.45,2.75,2.67,2.97,3.734,4.796,2.25,185.651837,-0.0029038185617729084,0.0029038185617729084,-0.13641298098996213,0.014875671444299243,3.000000000000025,30.00000000000003,177.00000000000006,147.00000000000003,76.39999999999998,182.6
2026-07-31,159.16,1.1519,2545.53,119.7034,4.75,2.47,2.28,3.66,3.65,6738190.0,,132.0,15.99,2.85,,,,,2.25,183.336404,-0.019911833483114982,0.019911833483114982,0.023807947026218912,-0.013909642713130665,1.000000000000023,,,,,
2026-08-31,,,2671.27,,4.69,2.43,2.25,3.62,3.65,6748567.0,,145.0,14.9,2.7,,,,,2.25,,,,0.04709615158681402,,-2.9999999999999805,,,,,
